,Year,Sex,Fatal Y/N,Country,Type
0,2026,f,n,USA,UNPROVOKED
1,2026,m,n,USA,UNPROVOKED
2,2026,m,n,REUNION ISLAND,PROVOKED
3,2026,m,n,IRELAND,PROVOKED
4,2026,m,n,USA,UNPROVOKED
5,2026,m,n,USA,UNPROVOKED
6,2026,m,n,USA,UNPROVOKED
7,2026,m,n,BAHAMAS,UNPROVOKED
8,2026,m,n,FIJI,UNPROVOKED
9,2026,m,n,AUSTRALIA,UNPROVOKED
10,2026,m,n,AUSTRALIA,UNPROVOKED
11,2026,m,n,USA,UNPROVOKED
12,2026,m,n,USA,PROVOKED
13,2026,m,n,BAHAMAS,UNPROVOKED
14,2026,f,n,USA,UNPROVOKED
15,2026,f,n,AUSTRALIA,UNPROVOKED
16,2026,f,n,GALAPOGOS ISLANDS,UNPROVOKED
17,2026,m,n,USA,UNPROVOKED
18,2026,m,y,AUSTRALIA,UNPROVOKED
19,2026,m,n,USA,PROVOKED
20,2026,f,n,BRAZIL,UNPROVOKED
21,2026,m,n,BRAZIL,UNPROVOKED
22,2026,m,n,AUSTRALIA,UNPROVOKED
23,2026,m,n,USA,UNPROVOKED
24,2026,m,n,USA,PROVOKED
25,2026,m,y,AUSTRALIA,UNPROVOKED
27,2026,m,n,USA,QUESTIONABLE
28,2026,m,y,AUSTRALIA,UNPROVOKED
29,2026,m,n,MALDIVES,UNPROVOKED
30,2026,m,n,AUSTRALIA,UNPROVOKED
31,2026,f,n,BAHAMAS,UNPROVOKED
32,2026,m,n,AUSTRALIA,UNPROVOKED
33,2026,m,n,AUSTRALIA,UNPROVOKED
34,2026,m,n,USA,UNPROVOKED
35,2026,f,n,AUSTRALIA,UNPROVOKED
36,2026,m,n,AUSTRALIA,UNPROVOKED
37,2026,m,n,AUSTRALIA,UNPROVOKED
38,2026,m,y,NEW CALEDONIA,UNPROVOKED
39,2026,m,n,CAYMAN ISLANDS,UNPROVOKED
40,2026,m,y,BRAZIL,UNPROVOKED
41,2026,m,n,AUSTRALIA,UNPROVOKED
42,2026,f,n,AUSTRALIA,UNPROVOKED
43,2026,m,n,AUSTRALIA,UNPROVOKED
44,2026,m,n,AUSTRALIA,UNPROVOKED
45,2026,m,n,AUSTRALIA,UNPROVOKED
46,2026,m,y,AUSTRALIA,UNPROVOKED
47,2026,m,n,USA,UNPROVOKED
48,2026,m,n,AUSTRALIA,UNPROVOKED
49,2026,f,y,US VIRGIN ISLANDS,UNPROVOKED
50,2026,m,y,MOZAMBIQUE,UNPROVOKED
51,2026,m,n,NEW CALEDONIA,PROVOKED
53,2025,m,n,AUSTRALIA,UNPROVOKED
54,2025,f,y,USA,UNPROVOKED
55,2025,m,n,USA,UNPROVOKED
56,2025,m,n,USA,PROVOKED
57,2025,m,n,AUSTRALIA,UNPROVOKED
58,2025,f,y,AUSTRALIA,UNPROVOKED
59,2025,m,n,AUSTRALIA,UNPROVOKED
60,2025,m,n,FRENCH POLYNESIA,UNPROVOKED
61,2025,m,n,USA,UNPROVOKED
62,2025,m,n,USA,UNPROVOKED
63,2025,m,n,SAMOA,UNPROVOKED
64,2025,m,n,COLUMBIA,UNPROVOKED
65,2025,m,n,AUSTRALIA,UNPROVOKED
66,2025,m,n,AUSTRALIA,UNPROVOKED
67,2025,m,n,USA,UNPROVOKED
68,2025,m,n,COSTA RICA,PROVOKED
69,2025,m,y,AUSTRALIA,UNPROVOKED
70,2025,m,n,USA,UNPROVOKED
71,2025,f,n,USA,UNPROVOKED
72,2025,m,n,AUSTRALIA,UNPROVOKED
73,2025,m,n,BAHAMAS,UNPROVOKED
74,2025,m,n,USA,PROVOKED
75,2025,m,n,AUSTRALIA,UNPROVOKED
76,2025,f,n,PUERTO RICO,UNPROVOKED
77,2025,m,n,AUSTRALIA,UNPROVOKED
78,2025,m,n,FRENCH POLYNESIA,UNPROVOKED
79,2025,f,n,SPAIN,UNPROVOKED
80,2025,m,n,CANARY ISLANDS,UNPROVOKED
81,2025,m,n,USA,UNPROVOKED
82,2025,m,n,USA,UNPROVOKED
83,2025,m,n,BAHAMAS,UNPROVOKED
84,2025,m,n,USA,PROVOKED
85,2025,m,n,USA,UNPROVOKED
86,2025,m,y,SOUTH AFRICA,UNPROVOKED
87,2025,m,n,AUSTRALIA,UNPROVOKED
88,2025,f,n,USA,UNPROVOKED
89,2025,f,n,USA,UNPROVOKED
90,2025,f,n,USA,UNPROVOKED
91,2025,f,n,USA,UNPROVOKED
92,2025,m,n,USA,UNPROVOKED
93,2025,m,n,USA,UNPROVOKED
94,2025,m,y,VANUATU,UNPROVOKED
95,2025,m,n,AUSTRALIA,UNPROVOKED
96,2025,f,n,JAMAICA,UNPROVOKED
97,2025,m,y,ISRAEL,UNPROVOKED
98,2025,m,y,MEXICO,QUESTIONABLE
99,2025,m,n,MALDIVES,UNPROVOKED
100,2025,m,n,USA,UNPROVOKED
101,2025,m,n,BAHAMAS,UNPROVOKED
102,2025,m,n,AUSTRALIA,UNPROVOKED
103,2025,m,y,AUSTRALIA,UNPROVOKED
104,2025,f,n,AUSTRALIA,UNPROVOKED
105,2025,m,n,AUSTRALIA,UNPROVOKED
106,2025,m,y,PHILIPPINES,QUESTIONABLE
107,2025,f,n,AUSTRALIA,UNPROVOKED
108,2025,m,y,AUSTRALIA,QUESTIONABLE
109,2025,m,n,AUSTRALIA,UNPROVOKED
110,2025,f,n,BAHAMAS,UNPROVOKED
111,2025,f,n,BAHAMAS,UNPROVOKED
112,2025,f,n,TURKS AND CAICOS,UNPROVOKED
113,2025,f,y,AUSTRALIA,UNPROVOKED
114,2025,m,n,AUSTRALIA,UNPROVOKED
115,2025,m,n,AUSTRALIA,UNPROVOKED
116,2025,m,y,MOZAMBIQUE,UNPROVOKED
117,2025,m,n,USA,PROVOKED
118,2025,m,y,NEW CALEDONIA,UNPROVOKED
119,2025,m,y,AUSTRALIA,UNPROVOKED
120,2024,m,y,MOZAMBIQUE,UNPROVOKED
121,2024,m,n,EGYPT,UNPROVOKED
122,2024,m,y,EGYPT,UNPROVOKED
123,2024,m,y,AUSTRALIA,UNPROVOKED
124,2024,m,n,AUSTRALIA,UNPROVOKED
125,2024,m,n,AUSTRALIA,UNPROVOKED
126,2024,f,n,THAILAND,UNPROVOKED
127,2024,m,y,NEW ZEALAND,UNPROVOKED
128,2024,f,n,MALDIVES,UNPROVOKED
129,2024,m,n,HAWAII,UNPROVOKED
130,2024,f,n,AUSTRALIA,UNPROVOKED
131,2024,m,n,USA,UNPROVOKED
132,2024,m,n,HONDURAS,UNPROVOKED
133,2024,m,n,USA,UNPROVOKED
134,2024,f,y,INDONESIA,QUESTIONABLE
135,2024,m,n,HONDURAS,UNPROVOKED
136,2024,f,y,MOROCCO,UNPROVOKED
137,2024,m,y,JAMAICA,UNPROVOKED
138,2024,f,n,BELIZE,UNPROVOKED
139,2024,m,n,AUSTRALIA,UNPROVOKED
140,2024,m,n,AUSTRALIA,UNPROVOKED
141,2024,m,n,USA,UNPROVOKED
142,2024,m,n,AUSTRALIA,UNPROVOKED
143,2024,m,n,USA,UNPROVOKED
144,2024,f,n,USA,UNPROVOKED
145,2026,f,n,USA,UNPROVOKED
146,2025,f,n,USA,UNPROVOKED
147,2024,m,n,USA,UNPROVOKED
148,2024,m,n,USA,UNPROVOKED
150,2024,f,n,USA,UNPROVOKED
151,2024,f,n,USA,UNPROVOKED
152,2024,f,n,USA,UNPROVOKED
153,2024,m,n,USA,UNPROVOKED
154,2024,m,y,MALDIVE ISLANDS,UNPROVOKED
155,2024,f,n,USA,UNPROVOKED
156,2024,m,n,TURKS AND CAICOS,UNPROVOKED
157,2024,m,n,FRENCH POLYNESIA,UNPROVOKED
158,2024,m,n,USA,UNPROVOKED
159,2024,m,n,TOBAGO,UNPROVOKED
160,2024,m,n,BAHAMAS,UNPROVOKED
161,2024,m,n,AUSTRALIA,UNPROVOKED
162,2024,m,n,AUSTRALIA,UNPROVOKED
163,2024,m,n,MALDIVE ISLANDS,UNPROVOKED
164,2024,f,n,AUSTRALIA,UNPROVOKED
165,2024,m,n,USA,UNPROVOKED
166,2024,f,n,USA,UNPROVOKED
167,2024,f,n,AUSTRALIA,UNPROVOKED
168,2024,m,n,INDIA,UNPROVOKED
169,2024,m,n,TRINIDAD,PROVOKED
170,2024,f,n,AUSTRALIA,UNPROVOKED
171,2024,m,n,BAHAMAS,UNPROVOKED
172,2024,m,n,AUSTRALIA,UNPROVOKED
173,2024,m,n,SOUTH AFRICA,PROVOKED
174,2023,m,y,USA,UNPROVOKED
175,2023,m,y,MEXICO,UNPROVOKED
176,2023,m,y,AUSTRALIA,UNPROVOKED
177,2023,m,n,AUSTRALIA,UNPROVOKED
178,2023,m,n,AUSTRALIA,UNPROVOKED
179,2023,f,n,NEW ZEALAND,UNPROVOKED
180,2023,m,y,MEXICO,QUESTIONABLE
181,2023,f,n,MEXICO,QUESTIONABLE
182,2023,m,n,AUSTRALIA,UNPROVOKED
183,2023,f,y,BAHAMAS,UNPROVOKED
184,2023,f,y,MEXICO,UNPROVOKED
185,2023,m,n,AUSTRALIA,UNPROVOKED
186,2023,f,y,BAHAMAS,UNPROVOKED
187,2023,f,n,AUSTRALIA,UNPROVOKED
188,2023,m,n,USA,UNPROVOKED
189,2023,m,n,AUSTRALIA,UNPROVOKED
190,2023,m,n,NEW ZEALAND,UNPROVOKED
191,2023,m,n,EGYPT,QUESTIONABLE
192,2023,m,y,AUSTRALIA,UNPROVOKED
193,2023,m,n,USA,UNPROVOKED
194,2023,m,n,MEXICO,PROVOKED
195,2023,m,n,AUSTRALIA,WATERCRAFT
196,2023,f,n,BELIZE,UNPROVOKED
197,2023,m,n,USA,UNPROVOKED
198,2023,m,n,USA,UNPROVOKED
199,2023,f,n,USA,UNPROVOKED
200,2023,f,n,AUSTRALIA,UNPROVOKED
201,2023,m,y,USA,UNPROVOKED
202,2023,m,n,USA,UNPROVOKED
203,2023,f,n,EGYPT,UNPROVOKED
204,2023,m,n,USA,QUESTIONABLE
205,2023,m,n,USA,UNPROVOKED
207,2023,m,n,CORAL SEA,WATERCRAFT
208,2023,m,n,USA,UNPROVOKED
209,2023,f,n,USA,UNPROVOKED
212,2023,m,n,USA,WATERCRAFT
214,2023,m,n,SPAIN,UNPROVOKED
215,2023,m,n,PORTUGAL,PROVOKED
216,2023,m,y,SAMOA,UNPROVOKED
217,2023,f,n,USA,UNPROVOKED
218,2023,m,n,USA,UNPROVOKED
219,2023,m,n,USA,UNPROVOKED
220,2023,f,n,USA,UNPROVOKED
221,2023,m,n,AUSTRALIA,UNPROVOKED
222,2023,m,n,AUSTRALIA,UNPROVOKED
223,2023,m,n,USA,UNPROVOKED
224,2023,m,n,COLOMBIA,UNPROVOKED
225,2023,m,n,USA,UNPROVOKED
226,2023,m,n,USA,UNPROVOKED
228,2023,f,n,ECUADOR,UNPROVOKED
229,2023,f,n,USA,UNPROVOKED
230,2023,m,n,USA,UNPROVOKED
231,2023,m,n,USA,UNPROVOKED
232,2023,m,n,USA,UNPROVOKED
233,2023,f,n,USA,UNPROVOKED
234,2023,f,n,USA,UNPROVOKED
235,2023,m,n,USA,UNPROVOKED
236,2023,m,n,USA,UNPROVOKED
237,2023,m,y,EGYPT,UNPROVOKED
239,2023,f,n,FRENCH POLYNESIA,UNPROVOKED
240,2023,m,y,NEW CALEDONIA,UNPROVOKED
241,2023,f,n,TURKS AND CAICOS,UNPROVOKED
242,2023,m,y,BAHAMAS,QUESTIONABLE
243,2023,f,n,USA,PROVOKED
244,2023,f,n,USA,UNPROVOKED
245,2023,m,n,USA,PROVOKED
246,2023,m,n,USA,UNPROVOKED
247,2023,f,n,USA,UNPROVOKED
248,2023,m,y,AUSTRALIA,UNPROVOKED
249,2023,f,n,USA,UNPROVOKED
250,2023,m,n,USA,PROVOKED
251,2023,m,y,CUBA,PROVOKED
252,2023,m,n,USA,UNPROVOKED
253,2023,m,n,SOUTH AFRICA,UNPROVOKED
254,2023,m,n,SOUTH AFRICA,UNPROVOKED
255,2023,m,n,AUSTRALIA,UNPROVOKED
256,2023,m,n,AUSTRALIA,UNPROVOKED
257,2023,m,n,USA,UNPROVOKED
258,2023,m,n,AUSTRALIA,UNPROVOKED
259,2023,f,n,USA,UNPROVOKED
260,2023,m,n,USA,WATERCRAFT
261,2023,m,n,USA,UNPROVOKED
262,2023,m,n,USA,UNPROVOKED
263,2023,m,n,CUBA,PROVOKED
264,2023,m,n,AUSTRALIA,UNPROVOKED
265,2023,m,n,USA,UNPROVOKED
266,2023,m,n,MEXICO,QUESTIONABLE
267,2023,f,n,AUSTRALIA,UNPROVOKED
268,2023,f,n,BRAZIL,UNPROVOKED
269,2023,m,n,BRAZIL,UNPROVOKED
271,2023,m,n,BRAZIL,UNPROVOKED
273,2023,m,n,USA,UNPROVOKED
275,2023,m,n,FIJI,QUESTIONABLE
276,2023,f,y,AUSTRALIA,UNPROVOKED
277,2023,m,n,AUSTRALIA,UNPROVOKED
278,2023,m,n,NEW CALEDONIA,UNPROVOKED
279,2023,m,n,USA,UNPROVOKED
280,2023,m,y,MEXICO,UNPROVOKED
281,2023,m,n,USA,PROVOKED
282,2023,f,n,MALDIVES,PROVOKED
283,2022,m,n,SOUTH AFRICA,PROVOKED
284,2022,m,n,USA,UNPROVOKED
285,2022,m,n,AUSTRALIA,UNPROVOKED
286,2022,m,n,USA,UNPROVOKED
287,2022,f,y,USA,UNPROVOKED
288,2022,m,n,USA,UNPROVOKED
289,2022,f,n,USA,UNPROVOKED
290,2022,f,n,USA,UNPROVOKED
291,2022,m,n,USA,PROVOKED
292,2022,m,n,USA,UNPROVOKED
293,2022,m,n,USA,SEA DISASTER
294,2022,m,n,BAHAMAS,UNPROVOKED
295,2022,m,n,USA,PROVOKED
296,2022,m,n,USA,UNPROVOKED
297,2022,m,n,AUSTRALIA,UNPROVOKED
298,2022,m,n,USA,PROVOKED
299,2022,m,n,USA,UNPROVOKED
300,2022,m,n,AUSTRALIA,UNPROVOKED
301,2022,m,n,AUSTRALIA,UNPROVOKED
302,2022,m,n,USA,UNPROVOKED
303,2022,f,y,SOUTH AFRICA,UNPROVOKED
304,2022,m,n,USA,UNPROVOKED
305,2022,f,y,BAHAMAS,UNPROVOKED
306,2022,f,n,USA,UNPROVOKED
307,2022,m,n,AUSTRALIA,UNPROVOKED
308,2022,m,n,AUSTRALIA,UNPROVOKED
309,2022,f,n,USA,UNPROVOKED
310,2022,f,n,USA,UNPROVOKED
311,2022,m,n,AUSTRALIA,UNPROVOKED
312,2022,m,n,USA,UNPROVOKED
313,2022,m,n,USA,UNPROVOKED
314,2022,f,n,ENGLAND,UNPROVOKED
315,2022,m,n,USA,UNPROVOKED
316,2022,m,n,USA,UNPROVOKED
317,2022,m,n,USA,UNPROVOKED
319,2022,f,n,USA,UNPROVOKED
320,2022,m,n,USA,PROVOKED
321,2022,f,n,USA,UNPROVOKED
322,2022,m,n,USA,UNPROVOKED
323,2022,m,n,USA,UNPROVOKED
324,2022,m,n,USA,UNPROVOKED
325,2022,m,n,USA,UNPROVOKED
326,2022,m,y,JAPAN,UNPROVOKED
327,2022,m,n,USA,UNPROVOKED
328,2022,m,n,USA,UNPROVOKED
329,2022,f,n,INDONESIA,UNPROVOKED
330,2022,f,y,EGYPT,UNPROVOKED
331,2022,f,y,EGYPT,UNPROVOKED
332,2022,m,n,USA,UNPROVOKED
333,2022,f,n,USA,UNPROVOKED
334,2022,f,n,USA,UNPROVOKED
335,2022,m,n,USA,UNPROVOKED
336,2022,m,y,SOUTH AFRICA,UNPROVOKED
337,2022,m,n,JAMAICA,UNPROVOKED
338,2022,f,n,USA,UNPROVOKED
339,2022,m,n,USA,UNPROVOKED
340,2022,m,n,USA,UNPROVOKED
341,2022,f,n,AUSTRALIA,UNPROVOKED
343,2022,m,n,AUSTRALIA,UNPROVOKED
344,2022,m,n,BELIZE,PROVOKED
345,2022,m,n,MALDIVES,UNPROVOKED
347,2022,m,n,USA,PROVOKED
348,2022,m,n,THAILAND,UNPROVOKED
349,2022,m,n,FRENCH POLYNESIA,UNPROVOKED
350,2022,m,n,AUSTRALIA,UNPROVOKED
351,2022,m,n,USA,UNPROVOKED
352,2022,m,n,USA,UNPROVOKED
353,2022,m,n,USA,UNPROVOKED
354,2022,f,n,USA,PROVOKED
355,2022,m,n,USA,UNPROVOKED
357,2022,m,n,USA,PROVOKED
358,2022,m,y,COLUMBIA,UNPROVOKED
359,2022,m,n,NEW ZEALAND,UNPROVOKED
360,2022,m,n,AUSTRALIA,UNPROVOKED
361,2022,m,n,AUSTRALIA,UNPROVOKED
362,2022,m,n,USA,UNPROVOKED
363,2022,m,n,USA,PROVOKED
364,2022,m,n,AUSTRALIA,UNPROVOKED
365,2022,m,y,USA,UNPROVOKED
366,2022,m,n,BAHAMAS,?
367,2022,m,n,AUSTRALIA,UNPROVOKED
368,2022,m,y,AUSTRALIA,UNPROVOKED
369,2022,m,y,MEXICO,UNPROVOKED
370,2022,m,n,USA,UNPROVOKED
371,2022,f,n,BAHAMAS,PROVOKED
373,2022,f,n,AUSTRALIA,UNPROVOKED
374,2022,m,n,AUSTRALIA,UNPROVOKED
375,2022,m,n,AUSTRALIA,UNPROVOKED
376,2022,m,n,SOUTH AFRICA,PROVOKED
377,2022,f,n,NEW ZEALAND,UNPROVOKED
378,2022,f,n,USA,UNPROVOKED
379,2022,f,n,AUSTRALIA,UNPROVOKED
380,2022,m,n,AUSTRALIA,UNPROVOKED
381,2021,f,n,NEW ZEALAND,UNPROVOKED
382,2021,m,y,USA,UNPROVOKED
383,2021,f,n,USA,UNPROVOKED
384,2021,m,n,AUSTRALIA,UNPROVOKED
385,2021,m,n,MEXICO,UNPROVOKED
386,2021,f,n,AUSTRALIA,UNPROVOKED
387,2021,m,n,AUSTRALIA,UNPROVOKED
388,2021,m,n,USA,UNPROVOKED
390,2021,f,n,USA,UNPROVOKED
391,2021,m,y,AUSTRALIA,UNPROVOKED
392,2021,m,n,BRAZIL,UNPROVOKED
393,2021,m,n,NEW ZEALAND,UNPROVOKED
395,2021,m,n,AUSTRALIA,UNPROVOKED
396,2021,m,n,USA,UNPROVOKED
397,2021,m,n,USA,UNPROVOKED
398,2021,m,n,USA,UNPROVOKED
400,2021,m,n,USA,UNPROVOKED
401,2021,m,y,AUSTRALIA,UNPROVOKED
402,2021,m,n,BRITISH OVERSEAS TERRITORY,UNPROVOKED
403,2021,m,n,USA,UNPROVOKED
404,2021,m,n,USA,UNPROVOKED
405,2021,m,n,USA,UNPROVOKED
406,2021,f,n,CANADA,UNPROVOKED
407,2021,m,n,AUSTRALIA,PROVOKED
408,2021,m,n,USA,UNPROVOKED
409,2021,m,n,USA,UNPROVOKED
410,2021,m,n,USA,UNPROVOKED
411,2021,f,n,USA,UNPROVOKED
412,2021,m,n,USA,PROVOKED
413,2021,m,n,USA,UNPROVOKED
414,2021,m,n,USA,UNPROVOKED
415,2021,m,n,AUSTRALIA,PROVOKED
416,2021,m,n,USA,UNPROVOKED
417,2021,m,n,BRAZIL,UNPROVOKED
418,2021,m,n,THAILAND,PROVOKED
419,2021,f,n,USA,UNPROVOKED
420,2021,f,n,USA,
421,2021,m,n,AUSTRALIA,UNPROVOKED
422,2021,m,n,USA,UNPROVOKED
423,2021,m,n,SOUTH AFRICA,UNPROVOKED
424,2021,m,n,BAHAMAS,PROVOKED
425,2021,f,n,USA,UNPROVOKED
426,2021,m,y,USA,UNPROVOKED
427,2021,m,y,BRAZIL,UNPROVOKED
428,2021,m,n,AUSTRALIA,UNPROVOKED
429,2021,m,n,USA,UNPROVOKED
430,2021,f,n,USA,PROVOKED
431,2021,m,n,ECUADOR,UNPROVOKED
432,2021,m,n,USA,UNPROVOKED
434,2021,f,n,USA,UNPROVOKED
435,2021,m,n,USA,UNPROVOKED
436,2021,m,n,JORDAN,UNPROVOKED
437,2021,m,n,AUSTRALIA,UNPROVOKED
438,2021,m,n,USA,UNPROVOKED
439,2021,m,n,USA,UNPROVOKED
440,2021,m,n,USA,UNPROVOKED
441,2021,m,n,USA,UNPROVOKED
442,2021,m,n,ENGLAND,PROVOKED
443,2021,m,n,AUSTRALIA,UNPROVOKED
444,2021,m,y,NEW CALEDONIA,PROVOKED
445,2021,m,n,USA,UNPROVOKED
446,2021,m,n,AUSTRALIA,UNPROVOKED
447,2021,m,y,AUSTRALIA,UNPROVOKED
448,2021,m,n,USA,UNPROVOKED
449,2021,m,n,BELIZE,PROVOKED
450,2021,f,n,USA,UNPROVOKED
451,2021,m,n,USA,UNPROVOKED
452,2021,m,y,JAMAICA,UNPROVOKED
453,2021,f,n,USA,UNPROVOKED
454,2021,m,n,USA,UNPROVOKED
455,2021,m,n,FRENCH POLYNESIA,UNPROVOKED
456,2021,m,y,NEW CALEDONIA,UNPROVOKED
457,2021,f,n,USA,UNPROVOKED
458,2021,m,n,AUSTRALIA,UNPROVOKED
460,2021,m,n,SOUTH AFRICA,UNPROVOKED
461,2021,m,y,SOUTH AFRICA,UNPROVOKED
462,2021,m,n,USA,UNPROVOKED
463,2021,m,n,USA,UNPROVOKED
464,2021,m,n,AUSTRALIA,UNPROVOKED
465,2021,m,n,FRENCH POLYNESIA,UNPROVOKED
466,2021,f,n,USA,UNPROVOKED
467,2021,m,n,USA,UNPROVOKED
468,2021,m,n,USA,UNPROVOKED
469,2021,m,n,AUSTRALIA,UNPROVOKED
470,2021,m,n,USA,UNPROVOKED
471,2021,m,n,NEW CALEDONIA,UNPROVOKED
472,2021,m,y,NEW CALEDONIA,UNPROVOKED
473,2021,m,n,AUSTRALIA,PROVOKED
474,2021,m,n,USA,UNPROVOKED
475,2021,m,n,AUSTRALIA,WATERCRAFT
476,2021,m,n,USA,WATERCRAFT
477,2021,f,n,AUSTRALIA,UNPROVOKED
478,2021,m,n,NEW ZEALAND,UNPROVOKED
479,2021,m,n,AUSTRALIA,UNPROVOKED
481,2021,m,n,USA,UNPROVOKED
482,2021,m,y,AUSTRALIA,UNPROVOKED
483,2021,m,n,AUSTRALIA,UNPROVOKED
484,2021,m,n,BRAZIL,UNPROVOKED
485,2021,m,n,AUSTRALIA,UNPROVOKED
486,2021,m,n,AUSTRALIA,UNPROVOKED
487,2021,f,n,ST KITTS / NEVIS,UNPROVOKED
488,2021,f,y,NEW ZEALAND,UNPROVOKED
489,2021,m,n,USA,UNPROVOKED
490,2021,m,n,USA,UNPROVOKED
491,2021,f,n,USA,UNPROVOKED
492,2020,m,n,USA,UNPROVOKED
493,2020,m,n,MALDIVES,UNPROVOKED
494,2020,f,y,ST MARTIN,UNPROVOKED
495,2020,m,n,AUSTRALIA,UNPROVOKED
496,2020,m,y,USA,UNPROVOKED
497,2020,m,n,USA,UNPROVOKED
498,2020,m,n,AUSTRALIA,UNPROVOKED
499,2020,f,n,EGYPT,UNPROVOKED
500,2020,f,n,USA,UNPROVOKED
501,2020,f,n,NEW CALEDONIA,UNPROVOKED
502,2020,m,y,AUSTRALIA,UNPROVOKED
503,2020,m,n,AUSTRALIA,UNPROVOKED
504,2020,m,n,USA,UNPROVOKED
505,2020,m,n,BAHAMAS,UNPROVOKED
506,2020,m,n,USA,UNPROVOKED
508,2020,m,n,AUSTRALIA,UNPROVOKED
509,2020,m,n,USA,
510,2020,m,y,AUSTRALIA,UNPROVOKED
511,2020,m,n,USA,UNPROVOKED
512,2020,m,n,AUSTRALIA,UNPROVOKED
513,2020,m,n,USA,PROVOKED
514,2020,f,n,USA,
515,2020,m,n,USA,UNPROVOKED
516,2020,m,n,AUSTRALIA,PROVOKED
517,2020,m,n,AUSTRALIA,UNPROVOKED
518,2020,m,n,USA,
519,2020,m,n,USA,UNPROVOKED
520,2020,m,n,USA,UNPROVOKED
521,2020,m,n,USA,
522,2020,m,y,AUSTRALIA,UNPROVOKED
523,2020,f,n,USA,UNPROVOKED
524,2020,m,n,USA,UNPROVOKED
526,2020,m,n,USA,UNPROVOKED
527,2020,m,n,USA,UNPROVOKED
528,2020,m,n,USA,UNPROVOKED
529,2020,m,n,USA,UNPROVOKED
530,2020,f,n,USA,UNPROVOKED
531,2020,f,n,USA,
532,2020,f,n,AUSTRALIA,UNPROVOKED
533,2020,m,n,USA,PROVOKED
534,2020,f,n,USA,UNPROVOKED
535,2020,m,n,USA,UNPROVOKED
536,2020,f,n,USA,UNPROVOKED
537,2020,m,n,USA,UNPROVOKED
538,2020,m,n,AUSTRALIA,UNPROVOKED
539,2020,m,n,USA,UNPROVOKED
541,2020,m,n,FRENCH POLYNESIA,UNPROVOKED
542,2020,f,y,USA,UNPROVOKED
543,2020,m,n,USA,UNPROVOKED
544,2020,m,n,USA,UNPROVOKED
545,2020,m,n,USA,UNPROVOKED
546,2020,f,n,USA,UNPROVOKED
547,2020,m,n,AUSTRALIA,UNPROVOKED
548,2020,f,n,USA,UNPROVOKED
549,2020,f,n,AUSTRALIA,UNPROVOKED
550,2020,m,y,AUSTRALIA,UNPROVOKED
551,2020,f,n,USA,UNPROVOKED
552,2020,m,y,AUSTRALIA,UNPROVOKED
553,2020,m,n,USA,UNPROVOKED
554,2020,m,n,USA,UNPROVOKED
556,2020,f,n,SOUTH AFRICA,UNPROVOKED
557,2020,m,y,NEW CALEDONIA,UNPROVOKED
558,2020,m,y,AUSTRALIA,UNPROVOKED
560,2020,m,n,USA,
561,2020,m,n,USA,UNPROVOKED
562,2020,m,n,BAHAMAS,UNPROVOKED
563,2020,m,n,AUSTRALIA,UNPROVOKED
564,2020,m,n,THAILAND,UNPROVOKED
565,2020,m,n,SPAIN,UNPROVOKED
567,2020,m,y,USA,UNPROVOKED
568,2020,m,n,AUSTRALIA,UNPROVOKED
569,2020,f,n,USA,UNPROVOKED
570,2020,m,n,USA,
571,2020,f,n,AUSTRALIA,UNPROVOKED
572,2020,f,n,USA,UNPROVOKED
573,2020,m,y,AUSTRALIA,UNPROVOKED
574,2020,m,n,AUSTRALIA,UNPROVOKED
575,2020,m,n,USA,UNPROVOKED
576,2020,m,n,USA,UNPROVOKED
577,2020,m,n,USA,UNPROVOKED
578,2020,f,n,AUSTRALIA,UNPROVOKED
579,2020,m,n,NEW ZEALAND,PROVOKED
580,2020,m,n,FIJI,UNPROVOKED
581,2020,m,n,NEW ZEALAND,UNPROVOKED
582,2020,m,n,USA,UNPROVOKED
583,2020,m,n,FRENCH POLYNESIA,UNPROVOKED
584,2020,f,n,BAHAMAS,PROVOKED
585,2020,m,n,AUSTRALIA,UNPROVOKED
586,2020,f,n,NEW ZEALAND,UNPROVOKED
587,2020,m,n,USA,UNPROVOKED
588,2020,m,n,THAILAND,UNPROVOKED
589,2020,f,n,AUSTRALIA,UNPROVOKED
590,2020,m,y,AUSTRALIA,UNPROVOKED
591,2020,m,n,NEW CALEDONIA,UNPROVOKED
592,2020,m,y,AUSTRALIA,QUESTIONABLE
593,2019,m,n,AUSTRALIA,UNPROVOKED
594,2019,f,n,SEYCHELLES,UNPROVOKED
595,2019,m,y,PAPUA NEW GUINEA,UNPROVOKED
596,2019,m,n,SOUTH AFRICA,UNPROVOKED
597,2019,f,n,NEW ZEALAND,UNPROVOKED
598,2019,m,n,USA,UNPROVOKED
601,2019,m,n,AUSTRALIA,UNPROVOKED
602,2019,m,y,CUBA,UNPROVOKED
603,2019,m,n,USA,UNPROVOKED
604,2019,m,n,USA,UNPROVOKED
605,2019,m,n,AUSTRALIA,UNPROVOKED
607,2019,m,n,MEXICO,PROVOKED
608,2019,m,n,ISRAEL,UNPROVOKED
609,2019,m,n,FRENCH POLYNESIA,PROVOKED
610,2019,m,n,USA,UNPROVOKED
611,2019,m,n,MEXICO,UNPROVOKED
612,2019,m,n,SOUTH AFRICA,WATERCRAFT
613,2019,f,n,USA,UNPROVOKED
614,2019,m,y,REUNION ISLAND,QUESTIONABLE
615,2019,m,n,AUSTRALIA,UNPROVOKED
616,2019,m,n,USA,PROVOKED
617,2018,m,n,USA,UNPROVOKED
619,2019,m,n,AUSTRALIA,UNPROVOKED
620,2019,m,n,USA,UNPROVOKED
621,2019,m,n,AUSTRALIA,UNPROVOKED
622,2019,m,n,USA,WATERCRAFT
623,2019,m,n,USA,UNPROVOKED
624,2019,m,n,AUSTRALIA,PROVOKED
625,2019,f,n,USA,UNPROVOKED
626,2019,m,n,USA,UNPROVOKED
627,2019,m,n,USA,UNPROVOKED
629,2019,f,n,USA,UNPROVOKED
630,2019,m,n,AUSTRALIA,UNPROVOKED
631,2019,m,n,USA,UNPROVOKED
632,2019,m,n,USA,UNPROVOKED
633,2019,m,n,USA,PROVOKED
634,2019,m,n,USA,UNPROVOKED
635,2019,f,n,USA,UNPROVOKED
636,2019,m,n,FIJI,UNPROVOKED
637,2019,m,n,USA,UNPROVOKED
638,2019,m,n,USA,UNPROVOKED
639,2019,m,n,USA,UNPROVOKED
640,2019,f,n,USA,UNPROVOKED
641,2019,m,n,USA,UNPROVOKED
642,2019,m,n,USA,UNPROVOKED
643,2019,m,n,USA,UNPROVOKED
644,2019,m,n,USA,PROVOKED
645,2019,m,n,USA,UNPROVOKED
647,2019,m,n,USA,UNPROVOKED
648,2019,m,n,USA,UNPROVOKED
649,2019,m,n,USA,UNPROVOKED
651,2019,m,n,NEW ZEALAND,UNPROVOKED
652,2019,f,n,USA,UNPROVOKED
653,2019,f,n,USA,UNPROVOKED
654,2019,m,n,SOUTH AFRICA,UNPROVOKED
655,2019,m,n,AUSTRALIA,UNPROVOKED
656,2019,m,n,MEXICO,PROVOKED
657,2019,m,n,BAHAMAS,UNPROVOKED
658,2019,m,n,USA,UNPROVOKED
659,2019,f,y,BAHAMAS,UNPROVOKED
660,2019,m,n,BAHAMAS,UNPROVOKED
661,2019,m,n,USA,UNPROVOKED
663,2019,m,n,USA,UNPROVOKED
664,2019,m,n,USA,UNPROVOKED
665,2019,m,n,AUSTRALIA,UNPROVOKED
666,2019,m,n,AUSTRALIA,UNVERIFIED
667,2019,f,n,USA,UNPROVOKED
668,2019,m,y,NEW CALEDONIA,UNPROVOKED
669,2019,m,y,USA,UNPROVOKED
670,2019,m,n,NEW CALEDONIA,UNPROVOKED
671,2019,m,n,USA,UNPROVOKED
672,2019,m,n,FIJI,UNPROVOKED
673,2019,m,n,USA,UNPROVOKED
674,2019,m,n,AUSTRALIA,UNPROVOKED
675,2019,m,y,REUNION ISLAND,UNPROVOKED
676,2019,f,n,USA,UNPROVOKED
677,2019,f,n,USA,UNPROVOKED
678,2019,m,n,BRAZIL,PROVOKED
679,2019,m,n,USA,UNPROVOKED
680,2019,m,n,AUSTRALIA,UNPROVOKED
681,2019,f,n,USA,UNPROVOKED
682,2019,m,n,USA,UNPROVOKED
683,2019,f,n,USA,QUESTIONABLE
684,2019,m,n,USA,QUESTIONABLE
685,2019,m,n,USA,UNPROVOKED
686,2019,f,n,CHINA,PROVOKED
687,2019,m,n,USA,WATERCRAFT
688,2019,m,n,AUSTRALIA,UNPROVOKED
689,2019,m,n,USA,UNPROVOKED
690,2019,m,n,MEXICO,UNPROVOKED
691,2019,m,n,USA,UNPROVOKED
692,2019,m,n,USA,UNPROVOKED
693,2019,m,n,USA,UNPROVOKED
694,2019,m,n,SOUTH AFRICA,PROVOKED
695,2019,m,n,USA,UNPROVOKED
696,2019,m,n,AUSTRALIA,UNPROVOKED
697,2019,m,n,BRAZIL,UNPROVOKED
698,2019,m,n,AUSTRALIA,UNPROVOKED
699,2019,m,n,USA,UNPROVOKED
700,2019,m,n,AUSTRALIA,UNPROVOKED
701,2019,m,n,SOUTH AFRICA,WATERCRAFT
702,2019,m,n,USA,UNPROVOKED
703,2019,m,y,REUNION ISLAND,UNPROVOKED
704,2019,f,n,NEW ZEALAND,INVALID
705,2019,f,n,AUSTRALIA,UNPROVOKED
706,2019,f,n,AUSTRALIA,INVALID
707,2019,m,n,USA,UNPROVOKED
708,2018,m,y,MEXICO,UNPROVOKED
709,2018,m,n,AUSTRALIA,PROVOKED
710,2018,m,n,NEW ZEALAND,UNPROVOKED
711,2018,m,n,NEW ZEALAND,UNPROVOKED
712,2018,m,n,AUSTRALIA,UNPROVOKED
713,2018,m,n,AUSTRALIA,UNPROVOKED
714,2018,m,n,USA,UNPROVOKED
715,2018,m,n,AUSTRALIA,UNPROVOKED
716,2018,m,n,AUSTRALIA,UNPROVOKED
717,2018,m,n,AUSTRALIA,WATERCRAFT
718,2018,m,n,SOUTH AFRICA,UNPROVOKED
719,2018,m,n,AUSTRALIA,UNPROVOKED
720,2018,m,n,BAHAMAS,UNPROVOKED
721,2018,m,n,AUSTRALIA,UNPROVOKED
722,2018,m,y,AUSTRALIA,UNPROVOKED
723,2018,m,n,EGYPT,UNPROVOKED
724,2018,m,n,AUSTRALIA,UNPROVOKED
725,2018,f,n,USA,UNPROVOKED
726,2018,m,n,USA,UNPROVOKED
727,2018,m,n,USA,UNPROVOKED
728,2018,m,n,AUSTRALIA,UNPROVOKED
729,2018,m,n,NEW ZEALAND,UNPROVOKED
730,2018,m,n,SAMOA,WATERCRAFT
731,2018,m,n,AUSTRALIA,QUESTIONABLE
732,2018,f,n,USA,UNPROVOKED
733,2018,m,n,AUSTRALIA,PROVOKED
734,2018,m,n,USA,UNPROVOKED
735,2018,m,n,AUSTRALIA,UNPROVOKED
736,2018,m,n,USA,WATERCRAFT
737,2018,m,n,FIJI,PROVOKED
738,2018,f,n,BAHAMAS,UNPROVOKED
739,2018,f,n,USA,QUESTIONABLE
740,2018,m,y,JAMAICA,UNPROVOKED
741,2018,f,n,AUSTRALIA,UNPROVOKED
742,2018,f,n,AUSTRALIA,UNPROVOKED
743,2018,m,y,USA,UNPROVOKED
744,2018,m,n,USA,UNPROVOKED
745,2018,m,n,USA,UNPROVOKED
746,2018,m,n,USA,UNPROVOKED
747,2018,m,n,IRELAND,PROVOKED
748,2018,m,n,BAHAMAS,UNPROVOKED
749,2018,m,n,USA,UNPROVOKED
750,2018,m,n,BAHAMAS,UNPROVOKED
751,2018,m,n,USA,UNPROVOKED
752,2018,m,n,ITALY,UNPROVOKED
753,2018,f,n,BAHAMAS,UNPROVOKED
754,2018,m,n,USA,QUESTIONABLE
755,2018,m,n,USA,UNPROVOKED
756,2018,m,n,USA,UNPROVOKED
757,2018,m,n,USA,UNPROVOKED
758,2018,f,n,USA,UNPROVOKED
759,2018,m,y,EGYPT,UNPROVOKED
760,2018,m,n,USA,UNPROVOKED
761,2018,f,n,CHINA,PROVOKED
762,2018,m,n,USA,UNPROVOKED
763,2018,f,n,USA,UNPROVOKED
766,2018,f,n,USA,PROVOKED
767,2018,f,n,USA,UNDER INVESTIGATION
768,2018,m,n,USA,UNPROVOKED
769,2018,m,n,USA,UNPROVOKED
770,2018,m,n,USA,UNPROVOKED
771,2018,f,n,BAHAMAS,UNPROVOKED
772,2018,m,n,USA,INVALID
773,2018,f,n,USA,UNPROVOKED
774,2018,f,n,USA,WATERCRAFT
775,2018,m,n,USA,PROVOKED
776,2018,f,n,USA,UNPROVOKED
777,2018,m,n,USA,INVALID
778,2018,m,n,AUSTRALIA,UNPROVOKED
779,2018,m,n,MEXICO,PROVOKED
780,2018,m,n,AUSTRALIA,UNPROVOKED
781,2018,m,y,BRAZIL,UNPROVOKED
782,2018,m,n,EGYPT,UNPROVOKED
783,2018,m,n,USA,PROVOKED
784,2018,m,n,USA,UNPROVOKED
785,2018,m,n,USA,UNPROVOKED
786,2018,m,n,AUSTRALIA,PROVOKED
787,2018,m,n,USA,UNPROVOKED
788,2018,m,n,USA,UNPROVOKED
789,2018,m,n,ENGLAND,INVALID
790,2018,f,n,AUSTRALIA,PROVOKED
791,2018,m,n,SOUTH AFRICA,UNPROVOKED
792,2018,m,n,AUSTRALIA,QUESTIONABLE
793,2018,m,n,THAILAND,UNPROVOKED
794,2018,m,n,USA,PROVOKED
795,2018,m,n,COSTA RICA,UNPROVOKED
796,2018,m,n,AUSTRALIA,UNPROVOKED
797,2018,m,n,AUSTRALIA,QUESTIONABLE
798,2018,m,n,AUSTRALIA,UNPROVOKED
799,2018,m,n,AUSTRALIA,UNPROVOKED
800,2018,m,n,MALDIVES,UNPROVOKED
801,2018,m,n,SOUTH AFRICA,UNPROVOKED
802,2018,m,n,USA,UNPROVOKED
803,2018,m,n,THAILAND,UNPROVOKED
805,2018,m,n,AUSTRALIA,UNPROVOKED
806,2018,m,n,AUSTRALIA,UNPROVOKED
807,2018,m,n,BAHAMAS,UNPROVOKED
808,2018,m,n,BRAZIL,INVALID
809,2018,m,n,NEW CALEDONIA,UNPROVOKED
810,2018,m,n,BAHAMAS,UNPROVOKED
811,2018,m,n,SOUTH AFRICA,UNPROVOKED
812,2018,m,n,USA,UNPROVOKED
813,2018,m,n,AUSTRALIA,UNPROVOKED
814,2018,m,n,AUSTRALIA,UNPROVOKED
815,2018,m,n,AUSTRALIA,UNPROVOKED
816,2018,m,n,SOUTH AFRICA,UNPROVOKED
817,2018,f,n,AUSTRALIA,UNPROVOKED
818,2018,m,n,AUSTRALIA,PROVOKED
819,2018,m,n,AUSTRALIA,UNPROVOKED
820,2018,f,n,AUSTRALIA,INVALID
821,2018,f,n,BRAZIL,INVALID
822,2018,m,n,ECUADOR,UNPROVOKED
823,2018,m,n,AUSTRALIA,INVALID
824,2018,m,n,AUSTRALIA,UNPROVOKED
825,2018,m,n,NEW CALEDONIA,UNPROVOKED
826,2018,m,n,FRENCH POLYNESIA,UNPROVOKED
827,2018,m,n,AUSTRALIA,UNPROVOKED
828,2018,m,n,AUSTRALIA,UNPROVOKED
829,2018,m,n,BRAZIL,UNPROVOKED
830,2018,m,n,AUSTRALIA,UNPROVOKED
831,2017,f,n,USA,UNPROVOKED
832,2017,f,n,USA,UNPROVOKED
833,2017,m,n,MALAYSIA,PROVOKED
834,2017,f,n,BAHAMAS,UNPROVOKED
835,2017,m,n,AUSTRALIA,UNPROVOKED
836,2017,m,n,COSTA RICA,UNPROVOKED
837,2017,f,y,COSTA RICA,UNPROVOKED
839,2017,m,n,USA,UNPROVOKED
840,2017,f,n,USA,UNPROVOKED
841,2017,m,n,,UNPROVOKED
842,2017,m,n,AUSTRALIA,UNPROVOKED
843,2017,m,y,CUBA,UNPROVOKED
844,2017,m,n,USA,UNPROVOKED
845,2017,m,n,AUSTRALIA,UNPROVOKED
846,2017,m,n,AUSTRALIA,UNPROVOKED
847,2017,m,n,USA,UNPROVOKED
848,2017,m,n,MAURITIUS,UNPROVOKED
849,2017,m,n,USA,UNPROVOKED
850,2017,f,n,USA,UNPROVOKED
851,2017,f,n,AUSTRALIA,UNPROVOKED
852,2017,m,n,NEW ZEALAND,WATERCRAFT
853,2017,m,n,USA,UNPROVOKED
854,2017,m,n,USA,UNPROVOKED
855,2017,f,n,USA,UNPROVOKED
857,2017,m,n,USA,UNPROVOKED
858,2017,m,n,AUSTRALIA,UNPROVOKED
860,2017,m,n,USA,UNPROVOKED
861,2017,m,n,USA,UNPROVOKED
862,2017,m,n,SPAIN,UNPROVOKED
863,2017,m,n,USA,UNPROVOKED
865,2017,m,n,SAMOA,
867,2017,m,n,USA,UNPROVOKED
868,2017,m,n,AUSTRALIA,UNPROVOKED
869,2017,m,n,AUSTRALIA,UNPROVOKED
870,2017,m,n,SOLOMON ISLANDS,UNPROVOKED
871,2017,m,y,SOUTH AFRICA,UNPROVOKED
872,2017,m,n,JAPAN,UNPROVOKED
873,2017,m,n,USA,UNPROVOKED
874,2017,f,n,USA,UNPROVOKED
875,2017,m,n,USA,UNPROVOKED
876,2017,m,n,AUSTRALIA,UNPROVOKED
877,2017,f,n,USA,UNPROVOKED
879,2017,m,n,NEW ZEALAND,WATERCRAFT
880,2017,m,n,USA,UNPROVOKED
881,2017,m,n,BAHAMAS,UNPROVOKED
882,2017,m,n,USA,UNPROVOKED
883,2017,f,n,EGYPT,UNPROVOKED
884,2017,m,n,USA,PROVOKED
885,2017,m,n,USA,WATERCRAFT
886,2017,m,n,USA,UNPROVOKED
888,2017,f,n,USA,UNPROVOKED
889,2017,f,n,BAHAMAS,UNPROVOKED
890,2017,m,n,BAHAMAS,UNPROVOKED
891,2017,m,n,"ST HELENA, BRITISH OVERSEAS TERRITORY",UNPROVOKED
892,2017,f,n,USA,UNPROVOKED
893,2017,f,n,SPAIN,UNPROVOKED
894,2017,f,n,USA,UNPROVOKED
896,2017,m,n,USA,WATERCRAFT
897,2017,m,n,USA,UNPROVOKED
898,2017,m,n,USA,UNPROVOKED
899,2017,m,n,AUSTRALIA,UNPROVOKED
900,2017,m,n,USA,WATERCRAFT
901,2017,m,n,USA,UNPROVOKED
902,2017,m,n,MEXICO,PROVOKED
903,2017,f,n,SOUTH AFRICA,UNPROVOKED
906,2017,f,n,USA,UNPROVOKED
907,2017,m,n,USA,UNPROVOKED
908,2017,f,n,USA,UNPROVOKED
909,2017,m,n,REUNION,UNPROVOKED
910,2017,m,n,SPAIN,UNPROVOKED
911,2017,m,n,FRENCH POLYNESIA,UNPROVOKED
912,2017,f,n,BAHAMAS,UNPROVOKED
913,2017,m,n,AUSTRALIA,UNPROVOKED
914,2017,f,n,AUSTRALIA,UNPROVOKED
915,2017,m,n,USA,UNPROVOKED
916,2017,m,n,UNITED KINGDOM,UNPROVOKED
917,2017,m,n,USA,UNPROVOKED
918,2017,f,n,BAHAMAS,UNPROVOKED
919,2017,f,n,USA,PROVOKED
920,2017,m,n,USA,UNPROVOKED
921,2017,m,n,AUSTRALIA,INVALID
922,2017,m,n,UNITED ARAB EMIRATES,UNPROVOKED
923,2017,m,n,AUSTRALIA,PROVOKED
924,2017,m,y,MEXICO,UNPROVOKED
926,2017,f,n,USA,UNPROVOKED
927,2017,m,n,SOUTH AFRICA,UNPROVOKED
928,2017,f,n,USA,UNPROVOKED
929,2017,m,y,REUNION,UNPROVOKED
930,2017,f,n,NEW ZEALAND,UNPROVOKED
932,2017,f,n,"ST HELENA, BRITISH OVERSEAS TERRITORY",UNPROVOKED
935,2017,f,y,AUSTRALIA,UNPROVOKED
936,2017,m,n,USA,UNPROVOKED
937,2017,m,n,USA,UNPROVOKED
938,2017,f,n,USA,UNPROVOKED
940,2017,f,n,USA,UNPROVOKED
941,2017,f,n,USA,UNPROVOKED
942,2017,f,n,USA,UNPROVOKED
943,2017,m,n,USA,UNPROVOKED
944,2017,f,n,USA,UNPROVOKED
945,2017,m,n,AUSTRALIA,UNPROVOKED
946,2017,f,n,USA,UNPROVOKED
947,2017,m,n,USA,UNPROVOKED
948,2017,m,n,AUSTRALIA,UNPROVOKED
949,2017,m,n,USA,WATERCRAFT
950,2017,m,n,PHILIPPINES,UNPROVOKED
951,2017,m,n,BAHAMAS,UNPROVOKED
952,2017,m,n,MEXICO,PROVOKED
953,2017,f,n,BAHAMAS,UNPROVOKED
954,2017,f,n,AUSTRALIA,UNPROVOKED
955,2017,m,n,AUSTRALIA,UNPROVOKED
956,2017,m,y,REUNION,UNPROVOKED
957,2017,m,n,AUSTRALIA,UNPROVOKED
958,2017,m,n,USA,UNPROVOKED
959,2017,f,n,BRAZIL,PROVOKED
960,2017,m,n,SOUTH AFRICA,WATERCRAFT
962,2017,m,n,BAHAMAS,UNPROVOKED
963,2017,m,n,USA,UNPROVOKED
964,2017,m,n,BRAZIL,UNPROVOKED
965,2017,m,n,USA,UNPROVOKED
966,2017,m,n,AUSTRALIA,UNPROVOKED
967,2017,m,n,AUSTRALIA,UNPROVOKED
968,2017,m,n,USA,UNPROVOKED
969,2017,m,n,INDONESIA,UNPROVOKED
971,2017,m,n,USA,UNPROVOKED
973,2016,m,n,USA,UNPROVOKED
974,2016,f,n,AUSTRALIA,UNPROVOKED
975,2016,m,n,SOUTH AFRICA,UNPROVOKED
976,2016,m,n,AUSTRALIA,UNPROVOKED
977,2016,m,n,FRENCH POLYNESIA,UNPROVOKED
979,2016,m,n,AUSTRALIA,PROVOKED
980,2016,m,n,AUSTRALIA,UNPROVOKED
981,2016,m,n,AUSTRALIA,PROVOKED
983,2016,f,n,USA,UNPROVOKED
984,2016,m,n,USA,UNPROVOKED
985,2016,m,n,USA,UNPROVOKED
986,2016,m,n,AUSTRALIA,UNPROVOKED
987,2016,m,n,USA,UNPROVOKED
988,2016,m,n,AUSTRALIA,UNPROVOKED
989,2016,f,n,USA,UNPROVOKED
991,2016,m,n,AUSTRALIA,UNPROVOKED
992,2016,m,n,USA,UNPROVOKED
993,2016,m,y,MOZAMBIQUE,UNPROVOKED
994,2016,m,n,USA,UNPROVOKED
995,2016,m,n,USA,UNPROVOKED
996,2016,m,n,AUSTRALIA,UNPROVOKED
997,2016,m,n,USA,UNPROVOKED
998,2016,m,n,USA,UNPROVOKED
999,2016,m,n,USA,UNPROVOKED
1000,2016,m,n,USA,UNPROVOKED
1001,2016,m,n,AUSTRALIA,UNPROVOKED
1002,2016,m,n,AUSTRALIA,UNPROVOKED
1004,2016,m,n,USA,UNPROVOKED
1005,2016,f,n,USA,UNPROVOKED
1006,2016,m,y,NEW CALEDONIA,UNPROVOKED
1007,2016,f,n,USA,UNPROVOKED
1008,2016,m,n,AUSTRALIA,UNPROVOKED
1009,2016,m,n,USA,UNPROVOKED
1010,2016,m,n,USA,UNPROVOKED
1012,2016,m,n,USA,UNPROVOKED
1013,2016,m,n,USA,UNPROVOKED
1014,2016,m,n,REUNION,UNPROVOKED
1015,2016,m,n,USA,UNPROVOKED
1016,2016,m,n,BAHAMAS,UNPROVOKED
1017,2016,m,n,USA,UNPROVOKED
1018,2016,m,n,USA,UNPROVOKED
1019,2016,m,n,SPAIN,UNPROVOKED
1020,2016,m,n,CHINA,UNPROVOKED
1021,2016,m,n,AUSTRALIA,WATERCRAFT
1022,2016,m,n,USA,PROVOKED
1023,2016,m,n,AUSTRALIA,UNPROVOKED
1024,2016,m,n,JAPAN,UNPROVOKED
1025,2016,m,n,AUSTRALIA,UNPROVOKED
1026,2016,m,n,BAHAMAS,UNPROVOKED
1027,2016,m,n,AUSTRALIA,PROVOKED
1029,2016,f,n,USA,UNPROVOKED
1030,2016,f,n,USA,UNPROVOKED
1031,2016,m,n,USA,UNPROVOKED
1032,2016,m,n,USA,UNPROVOKED
1033,2016,m,n,BAHAMAS,UNPROVOKED
1034,2016,f,n,SPAIN,UNPROVOKED
1035,2016,m,n,USA,WATERCRAFT
1036,2016,m,n,USA,PROVOKED
1037,2016,m,n,USA,WATERCRAFT
1038,2016,f,n,USA,UNPROVOKED
1039,2016,m,n,AUSTRALIA,PROVOKED
1040,2016,m,n,USA,UNPROVOKED
1041,2016,m,n,USA,UNPROVOKED
1042,2016,m,n,COLUMBIA,UNPROVOKED
1043,2016,m,n,SOUTH AFRICA,UNPROVOKED
1044,2016,m,n,USA,UNPROVOKED
1045,2016,m,n,USA,UNPROVOKED
1046,2016,m,n,USA,UNPROVOKED
1047,2016,m,n,AUSTRALIA,PROVOKED
1048,2016,f,n,USA,UNPROVOKED
1049,2016,m,n,USA,UNPROVOKED
1051,2016,m,n,USA,UNPROVOKED
1052,2016,f,y,AUSTRALIA,UNPROVOKED
1053,2016,m,n,EGYPT,UNPROVOKED
1055,2016,m,n,NEW CALEDONIA,UNPROVOKED
1056,2016,m,y,AUSTRALIA,UNPROVOKED
1057,2016,f,n,USA,UNPROVOKED
1058,2016,m,n,USA,UNPROVOKED
1059,2016,f,n,USA,UNPROVOKED
1060,2016,f,n,USA,UNPROVOKED
1061,2016,f,n,USA,UNPROVOKED
1062,2016,m,n,USA,UNPROVOKED
1063,2016,f,n,USA,PROVOKED
1064,2016,m,n,USA,UNPROVOKED
1065,2016,m,n,NEW ZEALAND,PROVOKED
1066,2016,f,n,USA,UNPROVOKED
1067,2016,m,n,INDONESIA,UNPROVOKED
1068,2016,m,n,USA,UNPROVOKED
1069,2016,m,n,SOUTH AFRICA,UNPROVOKED
1070,2016,m,n,AUSTRALIA,UNPROVOKED
1072,2016,m,n,FRENCH POLYNESIA,PROVOKED
1073,2016,m,n,USA,UNPROVOKED
1074,2016,f,y,NEW CALEDONIA,UNPROVOKED
1076,2016,m,n,USA,UNPROVOKED
1078,2016,f,n,USA,UNPROVOKED
1079,2016,m,n,AUSTRALIA,UNPROVOKED
1081,2016,m,n,AUSTRALIA,UNPROVOKED
1082,2016,m,n,BAHAMAS,PROVOKED
1084,2016,m,n,USA,UNPROVOKED
1085,2016,m,y,FIJI,UNPROVOKED
1086,2016,m,n,USA,UNPROVOKED
1087,2016,m,n,AUSTRALIA,UNPROVOKED
1088,2016,m,n,BRAZIL,UNPROVOKED
1089,2016,m,n,NEW CALEDONIA,UNPROVOKED
1090,2016,m,n,NEW CALEDONIA,UNPROVOKED
1091,2016,f,n,DOMINICAN REPUBLIC,UNPROVOKED
1094,2016,f,n,AUSTRALIA,UNPROVOKED
1095,2016,m,n,AUSTRALIA,UNPROVOKED
1096,2016,m,n,BRAZIL,UNPROVOKED
1097,2016,m,n,SOUTH AFRICA,WATERCRAFT
1098,2016,m,n,USA,UNPROVOKED
1099,2016,f,n,USA,UNPROVOKED
1100,2016,m,n,USA,UNPROVOKED
1101,2016,m,n,UNITED ARAB EMIRATES,WATERCRAFT
1102,2016,m,n,USA,UNPROVOKED
1103,2016,m,n,AUSTRALIA,UNPROVOKED
1104,2016,m,n,AUSTRALIA,UNPROVOKED
1105,2016,m,n,AUSTRALIA,UNPROVOKED
1106,2015,m,n,SOUTH AFRICA,WATERCRAFT
1107,2015,f,n,SPAIN,UNPROVOKED
1108,2015,m,n,USA,UNPROVOKED
1109,2015,m,n,AUSTRALIA,UNPROVOKED
1110,2015,m,n,BRAZIL,UNPROVOKED
1111,2015,m,y,ARUBA,UNPROVOKED
1113,2015,m,n,BAHAMAS,UNPROVOKED
1114,2015,f,n,SOUTH AFRICA,UNPROVOKED
1115,2015,m,n,ECUADOR,UNPROVOKED
1116,2015,m,n,USA,UNPROVOKED
1117,2015,f,n,USA,UNPROVOKED
1118,2015,m,n,USA,UNPROVOKED
1119,2015,m,n,AUSTRALIA,UNPROVOKED
1121,2015,m,n,USA,UNPROVOKED
1122,2015,f,n,USA,UNPROVOKED
1123,2015,m,n,MOZAMBIQUE,UNPROVOKED
1124,2015,m,n,AUSTRALIA,UNPROVOKED
1125,2015,m,n,USA,UNPROVOKED
1126,2015,m,n,SOUTH AFRICA,UNPROVOKED
1127,2015,m,n,USA,UNPROVOKED
1128,2015,m,n,USA,UNPROVOKED
1129,2015,f,y,MOZAMBIQUE,UNPROVOKED
1131,2015,m,n,USA,UNPROVOKED
1132,2015,m,n,USA,WATERCRAFT
1133,2015,f,n,USA,UNPROVOKED
1134,2015,m,n,USA,UNPROVOKED
1135,2015,m,n,MOZAMBIQUE,UNPROVOKED
1136,2015,m,n,AUSTRALIA,UNPROVOKED
1137,2015,m,n,USA,UNPROVOKED
1138,2015,m,n,USA,UNPROVOKED
1139,2015,m,n,USA,UNPROVOKED
1140,2015,m,n,USA,UNPROVOKED
1141,2015,f,n,AUSTRALIA,UNPROVOKED
1142,2015,m,n,USA,WATERCRAFT
1143,2015,m,n,USA,UNPROVOKED
1144,2015,m,n,USA,UNPROVOKED
1145,2015,m,n,USA,UNPROVOKED
1146,2015,m,n,USA,UNPROVOKED
1147,2015,m,n,USA,WATERCRAFT
1148,2015,m,n,USA,UNPROVOKED
1149,2015,m,n,USA,UNPROVOKED
1150,2015,m,n,AUSTRALIA,UNPROVOKED
1151,2015,f,n,USA,UNPROVOKED
1152,2015,m,n,USA,PROVOKED
1153,2015,m,n,AUSTRALIA,UNPROVOKED
1154,2015,m,n,USA,UNPROVOKED
1155,2015,f,n,THAILAND,UNPROVOKED
1156,2015,m,n,FIJI,UNPROVOKED
1157,2015,f,n,USA,UNPROVOKED
1158,2015,m,n,USA,UNPROVOKED
1160,2015,m,n,AUSTRALIA,UNPROVOKED
1161,2015,m,n,USA,UNPROVOKED
1162,2015,f,n,USA,UNPROVOKED
1163,2015,m,n,USA,WATERCRAFT
1165,2015,m,n,USA,PROVOKED
1166,2015,m,n,AUSTRALIA,UNPROVOKED
1167,2015,m,n,COSTA RICA,UNPROVOKED
1169,2015,m,n,USA,UNPROVOKED
1171,2015,m,y,AUSTRALIA,UNPROVOKED
1172,2015,m,n,USA,PROVOKED
1173,2015,m,n,AUSTRALIA,UNPROVOKED
1174,2015,m,n,REUNION,UNPROVOKED
1175,2015,m,n,SOUTH AFRICA,UNPROVOKED
1176,2015,m,n,USA,UNPROVOKED
1179,2015,f,n,BAHAMAS,UNPROVOKED
1180,2015,m,n,USA,UNPROVOKED
1181,2015,m,n,AUSTRALIA,UNPROVOKED
1182,2015,m,n,AUSTRALIA,UNPROVOKED
1183,2015,m,n,USA,UNPROVOKED
1184,2015,m,n,AUSTRALIA,UNPROVOKED
1185,2015,m,n,USA,UNPROVOKED
1186,2015,m,n,USA,UNPROVOKED
1187,2015,m,n,SOUTH AFRICA,UNPROVOKED
1189,2015,m,n,SOUTH AFRICA,UNPROVOKED
1190,2015,m,n,USA,UNPROVOKED
1191,2015,m,n,AUSTRALIA,PROVOKED
1192,2015,m,n,USA,UNPROVOKED
1193,2015,m,n,USA,UNPROVOKED
1194,2015,f,n,AUSTRALIA,INVALID
1195,2015,m,n,USA,UNPROVOKED
1196,2015,m,n,PUERTO RICO,UNPROVOKED
1197,2015,m,n,USA,UNPROVOKED
1198,2015,m,n,USA,UNPROVOKED
1199,2015,f,n,USA,UNPROVOKED
1200,2015,f,n,USA,UNPROVOKED
1201,2015,f,n,USA,UNPROVOKED
1202,2015,m,n,USA,UNPROVOKED
1203,2015,f,n,USA,UNPROVOKED
1204,2015,m,n,REUNION,UNPROVOKED
1205,2015,f,n,USA,UNPROVOKED
1206,2015,f,n,USA,UNPROVOKED
1207,2015,m,n,FRENCH POLYNESIA,UNPROVOKED
1208,2015,f,n,USA,UNPROVOKED
1209,2015,m,n,USA,UNPROVOKED
1210,2015,m,n,USA,UNPROVOKED
1211,2015,m,y,NEW CALEDONIA,UNPROVOKED
1212,2015,m,n,USA,UNPROVOKED
1213,2015,m,n,AUSTRALIA,UNPROVOKED
1214,2015,m,n,SOUTH AFRICA,UNPROVOKED
1215,2015,f,y,USA,UNPROVOKED
1216,2015,m,n,USA,UNPROVOKED
1217,2015,m,n,AUSTRALIA,UNPROVOKED
1218,2015,m,n,AUSTRALIA,UNPROVOKED
1219,2015,m,n,USA,UNPROVOKED
1220,2015,m,y,REUNION,UNPROVOKED
1221,2015,m,n,AUSTRALIA,UNPROVOKED
1222,2015,m,n,USA,UNPROVOKED
1225,2015,m,n,SOUTH AFRICA,WATERCRAFT
1226,2015,m,y,EGYPT,UNPROVOKED
1227,2015,m,n,USA,UNPROVOKED
1228,2015,m,n,FRENCH POLYNESIA,UNPROVOKED
1229,2015,m,n,AUSTRALIA,WATERCRAFT
1230,2015,m,n,MEXICO,PROVOKED
1231,2015,m,n,FRENCH POLYNESIA,UNPROVOKED
1233,2015,f,y,REUNION,UNPROVOKED
1234,2015,m,y,AUSTRALIA,UNPROVOKED
1235,2015,m,n,AUSTRALIA,UNPROVOKED
1236,2015,m,n,AUSTRALIA,UNPROVOKED
1237,2015,m,n,AUSTRALIA,WATERCRAFT
1238,2015,m,n,USA,PROVOKED
1239,2015,m,n,AUSTRALIA,UNPROVOKED
1240,2015,m,n,SOUTH AFRICA,UNPROVOKED
1241,2015,m,n,USA,WATERCRAFT
1243,2015,m,n,AUSTRALIA,WATERCRAFT
1244,2015,m,n,AUSTRALIA,UNPROVOKED
1246,2015,f,n,BAHAMAS,UNPROVOKED
1247,2015,m,n,SOUTH AFRICA,UNPROVOKED
1248,2015,m,n,USA,UNPROVOKED
1250,2014,m,y,AUSTRALIA,UNPROVOKED
1253,2014,m,n,USA,UNPROVOKED
1254,2014,m,n,AUSTRALIA,PROVOKED
1255,2014,m,n,JAPAN,UNPROVOKED
1256,2014,m,y,AUSTRALIA,UNPROVOKED
1257,2014,m,n,SPAIN,PROVOKED
1258,2014,m,n,AUSTRALIA,UNPROVOKED
1259,2014,m,y,MAURITIUS,PROVOKED
1260,2014,m,n,AUSTRALIA,WATERCRAFT
1262,2014,m,n,USA,UNPROVOKED
1263,2014,m,n,USA,UNPROVOKED
1264,2014,m,n,AUSTRALIA,UNPROVOKED
1265,2014,m,n,USA,UNPROVOKED
1266,2014,f,n,USA,UNPROVOKED
1267,2014,m,n,AUSTRALIA,PROVOKED
1268,2014,f,n,USA,UNPROVOKED
1269,2014,m,n,USA,UNPROVOKED
1270,2014,f,n,USA,WATERCRAFT
1271,2014,f,n,AUSTRALIA,UNPROVOKED
1272,2014,f,n,USA,UNPROVOKED
1273,2014,f,n,USA,UNPROVOKED
1274,2014,m,n,AUSTRALIA,WATERCRAFT
1275,2014,m,n,USA,UNPROVOKED
1276,2014,f,n,USA,UNPROVOKED
1277,2014,m,n,USA,UNPROVOKED
1278,2014,m,n,USA,WATERCRAFT
1279,2014,m,n,USA,WATERCRAFT
1280,2014,m,n,USA,UNPROVOKED
1281,2014,m,n,AUSTRALIA,UNPROVOKED
1282,2014,m,n,USA,UNPROVOKED
1283,2014,f,n,FRENCH POLYNESIA,UNPROVOKED
1285,2014,m,y,AUSTRALIA,UNPROVOKED
1286,2014,m,n,USA,UNPROVOKED
1287,2014,f,n,USA,WATERCRAFT
1288,2014,m,n,USA,PROVOKED
1289,2014,m,n,SPAIN,UNPROVOKED
1290,2014,f,n,USA,UNPROVOKED
1291,2014,m,n,USA,UNPROVOKED
1293,2014,m,n,USA,PROVOKED
1294,2014,f,n,SPAIN,UNPROVOKED
1295,2014,m,n,USA,UNPROVOKED
1296,2014,f,n,USA,UNPROVOKED
1297,2014,m,n,USA,PROVOKED
1299,2014,m,n,AUSTRALIA,UNPROVOKED
1300,2014,m,n,USA,UNPROVOKED
1301,2014,m,n,USA,UNPROVOKED
1302,2014,m,n,BAHAMAS,UNPROVOKED
1303,2014,f,n,USA,UNPROVOKED
1304,2014,m,n,USA,UNPROVOKED
1305,2014,m,n,USA,UNPROVOKED
1306,2014,f,n,USA,UNPROVOKED
1307,2014,m,n,USA,UNPROVOKED
1308,2014,m,n,USA,UNPROVOKED
1309,2014,m,n,SOUTH AFRICA,UNPROVOKED
1311,2014,m,n,USA,UNPROVOKED
1312,2014,m,n,REUNION,UNPROVOKED
1313,2014,m,n,USA,UNPROVOKED
1315,2014,m,n,USA,UNPROVOKED
1316,2014,m,n,USA,UNPROVOKED
1318,2014,m,n,USA,UNPROVOKED
1319,2014,m,n,USA,UNPROVOKED
1320,2014,m,n,USA,PROVOKED
1321,2014,m,n,USA,UNPROVOKED
1322,2014,m,n,USA,UNPROVOKED
1323,2014,m,n,ST. MARTIN,WATERCRAFT
1324,2014,m,n,BAHAMAS,UNPROVOKED
1325,2014,m,n,AUSTRALIA,UNPROVOKED
1326,2014,m,n,AUSTRALIA,UNPROVOKED
1327,2014,m,n,AUSTRALIA,PROVOKED
1328,2014,m,n,BRAZIL,UNPROVOKED
1329,2014,m,n,USA,UNPROVOKED
1330,2014,m,n,AUSTRALIA,UNPROVOKED
1331,2014,m,n,JAPAN,UNPROVOKED
1332,2014,f,n,USA,UNPROVOKED
1333,2014,f,n,USA,UNPROVOKED
1334,2014,m,n,AUSTRALIA,UNPROVOKED
1335,2014,f,n,USA,UNPROVOKED
1336,2014,f,n,AUSTRALIA,UNPROVOKED
1337,2014,m,n,FRANCE,UNPROVOKED
1338,2014,m,n,AUSTRALIA,PROVOKED
1339,2014,f,n,USA,UNPROVOKED
1340,2014,m,n,AUSTRALIA,UNPROVOKED
1341,2014,f,n,USA,UNPROVOKED
1342,2014,m,n,USA,UNPROVOKED
1344,2014,f,n,USA,UNPROVOKED
1346,2014,m,n,USA,UNPROVOKED
1347,2014,m,n,AUSTRALIA,UNPROVOKED
1348,2014,m,n,USA,UNPROVOKED
1349,2014,m,n,USA,UNPROVOKED
1351,2014,m,n,SOUTH AFRICA,PROVOKED
1352,2014,m,n,USA,UNPROVOKED
1353,2014,m,n,USA,UNPROVOKED
1354,2014,f,y,AUSTRALIA,UNPROVOKED
1356,2014,m,y,SOUTH AFRICA,UNPROVOKED
1357,2014,m,n,USA,UNPROVOKED
1358,2014,m,n,USA,UNPROVOKED
1359,2014,m,n,NEW CALEDONIA,UNPROVOKED
1360,2014,m,n,AUSTRALIA,UNPROVOKED
1362,2014,m,n,AUSTRALIA,UNPROVOKED
1364,2014,m,n,USA,UNPROVOKED
1365,2014,m,n,FRENCH POLYNESIA,UNPROVOKED
1366,2014,m,n,PAPUA NEW GUINEA,WATERCRAFT
1367,2014,m,y,AUSTRALIA,UNPROVOKED
1368,2014,m,n,TRINIDAD & TOBAGO,PROVOKED
1369,2014,m,n,NEW ZEALAND,UNPROVOKED
1370,2014,m,n,AUSTRALIA,PROVOKED
1371,2014,m,n,NEW ZEALAND,UNPROVOKED
1372,2014,m,n,JAPAN,SEA DISASTER
1373,2014,m,n,USA,UNPROVOKED
1375,2013,m,n,NEW CALEDONIA,UNPROVOKED
1376,2013,m,n,SOUTH AFRICA,UNPROVOKED
1377,2013,m,n,KIRIBATI,UNPROVOKED
1378,2013,m,n,USA,UNPROVOKED
1379,2013,m,n,USA,UNPROVOKED
1380,2013,m,n,AUSTRALIA,UNPROVOKED
1381,2013,m,y,USA,UNPROVOKED
1382,2013,m,y,AUSTRALIA,UNPROVOKED
1383,2013,f,n,USA,UNPROVOKED
1384,2013,m,y,AUSTRALIA,UNPROVOKED
1385,2013,m,n,USA,UNPROVOKED
1386,2013,m,n,AUSTRALIA,UNPROVOKED
1387,2013,m,n,BAHAMAS,PROVOKED
1388,2013,m,n,USA,UNPROVOKED
1389,2013,m,n,USA,UNPROVOKED
1390,2013,m,n,USA,UNPROVOKED
1391,2013,f,n,AUSTRALIA,UNPROVOKED
1392,2013,m,n,REUNION,UNPROVOKED
1393,2013,m,n,AUSTRALIA,UNPROVOKED
1394,2013,m,n,AUSTRALIA,UNPROVOKED
1395,2013,m,n,USA,UNPROVOKED
1396,2013,m,n,USA,UNPROVOKED
1397,2013,m,n,USA,UNPROVOKED
1398,2013,m,y,SOUTH AFRICA,UNPROVOKED
1399,2013,m,n,AUSTRALIA,UNPROVOKED
1400,2013,m,n,USA,UNPROVOKED
1401,2013,m,n,USA,UNPROVOKED
1402,2013,m,n,USA,UNPROVOKED
1403,2013,m,n,ISRAEL,UNPROVOKED
1404,2013,m,n,USA,UNPROVOKED
1405,2013,m,n,USA,UNPROVOKED
1406,2013,m,n,USA,UNPROVOKED
1407,2013,m,n,USA,UNPROVOKED
1408,2013,f,n,USA,UNPROVOKED
1410,2013,m,n,USA,PROVOKED
1411,2013,m,n,USA,UNPROVOKED
1412,2013,m,n,USA,UNPROVOKED
1413,2013,m,n,USA,PROVOKED
1414,2013,m,n,BAHAMAS,UNPROVOKED
1415,2013,m,n,USA,UNPROVOKED
1416,2013,m,n,BAHAMAS,UNPROVOKED
1417,2013,m,n,USA,UNPROVOKED
1419,2013,m,n,FRANCE,PROVOKED
1420,2013,f,n,USA,UNPROVOKED
1421,2013,m,n,AUSTRALIA,UNPROVOKED
1422,2013,m,n,USA,UNPROVOKED
1423,2013,f,n,USA,UNPROVOKED
1424,2013,f,y,USA,UNPROVOKED
1425,2013,f,n,USA,UNPROVOKED
1426,2013,m,n,USA,UNPROVOKED
1427,2013,m,n,SOUTH AFRICA,UNPROVOKED
1428,2013,m,n,USA,UNPROVOKED
1429,2013,f,n,USA,UNPROVOKED
1430,2013,m,n,USA,UNPROVOKED
1431,2013,m,n,BAHAMAS,UNPROVOKED
1432,2013,f,n,MEXICO,UNPROVOKED
1433,2013,m,n,USA,UNPROVOKED
1434,2013,m,n,BAHAMAS,UNPROVOKED
1435,2013,m,n,BAHAMAS,UNPROVOKED
1436,2013,f,y,BRAZIL,UNPROVOKED
1437,2013,f,n,USA,UNPROVOKED
1438,2013,m,n,USA,UNPROVOKED
1439,2013,f,y,REUNION,UNPROVOKED
1440,2013,m,y,DIEGO GARCIA,UNPROVOKED
1441,2013,f,n,USA,UNPROVOKED
1443,2013,m,n,AUSTRALIA,UNPROVOKED
1444,2013,m,n,TAIWAN,UNPROVOKED
1446,2013,m,n,USA,WATERCRAFT
1447,2013,m,n,USA,UNPROVOKED
1448,2013,m,n,USA,UNPROVOKED
1449,2013,m,n,USA,UNPROVOKED
1450,2013,m,n,USA,UNPROVOKED
1451,2013,m,n,SOUTH AFRICA,UNPROVOKED
1452,2013,f,n,USA,UNPROVOKED
1453,2013,f,n,USA,UNPROVOKED
1454,2013,m,n,USA,PROVOKED
1455,2013,m,n,AUSTRALIA,UNPROVOKED
1456,2013,m,n,USA,UNPROVOKED
1457,2013,m,n,USA,UNPROVOKED
1458,2013,m,y,BRAZIL,UNPROVOKED
1459,2013,m,n,PALESTINIAN TERRITORIES,PROVOKED
1460,2013,m,n,ECUADOR,UNPROVOKED
1462,2013,m,y,REUNION,UNPROVOKED
1463,2013,m,n,USA,UNPROVOKED
1464,2013,m,n,AUSTRALIA,PROVOKED
1465,2013,f,n,MEXICO,UNPROVOKED
1466,2013,m,n,AUSTRALIA,UNPROVOKED
1467,2013,m,n,USA,UNPROVOKED
1468,2013,m,n,SOUTH AFRICA,UNPROVOKED
1469,2013,m,n,USA,UNPROVOKED
1470,2013,m,y,GUAM,UNPROVOKED
1471,2013,m,n,FRENCH POLYNESIA,UNPROVOKED
1472,2013,m,n,USA,UNPROVOKED
1474,2013,m,n,USA,UNPROVOKED
1476,2013,m,n,SEYCHELLES,UNPROVOKED
1477,2013,f,n,BELIZE,UNPROVOKED
1478,2013,m,n,BAHAMAS,UNPROVOKED
1479,2013,m,n,SOUTH AFRICA,PROVOKED
1480,2013,m,n,SOUTH AFRICA,UNPROVOKED
1481,2013,m,y,JAMAICA,UNPROVOKED
1482,2013,m,n,AUSTRALIA,UNPROVOKED
1483,2013,m,n,PHILIPPINES,UNPROVOKED
1484,2013,m,n,SOUTH AFRICA,UNPROVOKED
1485,2013,m,y,NEW ZEALAND,UNPROVOKED
1487,2013,m,n,USA,UNPROVOKED
1488,2013,m,n,USA,UNPROVOKED
1489,2013,m,n,FRENCH POLYNESIA,UNPROVOKED
1490,2013,m,n,JAMAICA,UNPROVOKED
1491,2013,m,n,AUSTRALIA,WATERCRAFT
1492,2013,m,n,AUSTRALIA,UNPROVOKED
1494,2013,m,n,USA,UNPROVOKED
1495,2013,m,n,NEW ZEALAND,UNPROVOKED
1496,2013,m,n,AUSTRALIA,UNPROVOKED
1497,2012,m,n,USA,UNPROVOKED
1498,2012,m,n,AUSTRALIA,UNPROVOKED
1499,2012,m,n,AUSTRALIA,UNPROVOKED
1500,2012,m,y,SOUTH AFRICA,UNPROVOKED
1501,2012,m,n,AUSTRALIA,UNPROVOKED
1502,2012,m,n,USA,UNPROVOKED
1503,2012,m,n,AUSTRALIA,UNPROVOKED
1504,2012,f,n,NEW ZEALAND,UNPROVOKED
1505,2012,m,n,USA,UNPROVOKED
1507,2012,m,y,MEXICO,UNPROVOKED
1508,2012,m,n,USA,UNPROVOKED
1509,2012,m,n,USA,UNPROVOKED
1510,2012,m,n,USA,UNPROVOKED
1511,2012,m,n,USA,UNPROVOKED
1512,2012,f,n,USA,UNPROVOKED
1513,2012,m,y,USA,UNPROVOKED
1514,2012,f,n,USA,UNPROVOKED
1515,2012,m,n,USA,UNPROVOKED
1516,2012,m,n,USA,UNPROVOKED
1518,2012,f,n,NIGERIA,UNPROVOKED
1519,2012,m,n,USA,UNPROVOKED
1520,2012,m,n,AUSTRALIA,UNPROVOKED
1521,2012,m,n,USA,UNPROVOKED
1522,2012,m,n,USA,UNPROVOKED
1523,2012,m,n,USA,UNPROVOKED
1524,2012,f,n,TONGA,UNPROVOKED
1526,2012,m,n,USA,UNPROVOKED
1527,2012,m,n,USA,UNPROVOKED
1528,2012,m,n,USA,UNPROVOKED
1529,2012,m,n,USA,UNPROVOKED
1530,2012,m,n,USA,UNPROVOKED
1531,2012,f,n,USA,UNPROVOKED
1533,2012,f,n,USA,UNPROVOKED
1534,2012,m,n,SCOTLAND,PROVOKED
1535,2012,m,n,AUSTRALIA,UNPROVOKED
1536,2012,m,y,BRAZIL,UNPROVOKED
1537,2012,m,n,USA,UNPROVOKED
1539,2012,m,n,USA,UNPROVOKED
1540,2012,m,n,REUNION,UNPROVOKED
1541,2012,m,n,FRENCH POLYNESIA,UNPROVOKED
1542,2012,m,n,USA,UNPROVOKED
1543,2012,m,n,AUSTRALIA,UNPROVOKED
1544,2012,m,n,USA,UNPROVOKED
1545,2012,m,n,USA,UNPROVOKED
1547,2012,m,y,REUNION,UNPROVOKED
1550,2012,m,y,AUSTRALIA,UNPROVOKED
1551,2012,f,n,USA,UNPROVOKED
1552,2012,m,n,BAHAMAS,UNPROVOKED
1554,2012,m,n,USA,WATERCRAFT
1555,2012,m,n,SOUTH AFRICA,UNPROVOKED
1557,2012,m,n,USA,UNPROVOKED
1558,2012,m,n,USA,UNPROVOKED
1559,2012,f,n,USA,UNPROVOKED
1560,2012,m,n,AUSTRALIA,UNPROVOKED
1561,2012,m,n,USA,UNPROVOKED
1562,2012,m,n,AUSTRALIA,UNPROVOKED
1564,2012,f,n,USA,UNPROVOKED
1565,2012,m,n,USA,PROVOKED
1566,2012,f,n,USA,UNPROVOKED
1567,2012,m,n,USA,UNPROVOKED
1568,2012,m,n,USA,UNPROVOKED
1569,2012,m,n,USA,UNPROVOKED
1570,2012,m,n,AUSTRALIA,UNPROVOKED
1572,2012,m,n,AUSTRALIA,UNPROVOKED
1573,2012,f,n,USA,UNPROVOKED
1574,2012,m,n,USA,UNPROVOKED
1575,2012,f,n,USA,UNPROVOKED
1576,2012,m,n,MEXICO,UNPROVOKED
1577,2012,m,n,USA,UNPROVOKED
1578,2012,m,n,USA,WATERCRAFT
1579,2012,m,n,FIJI,UNPROVOKED
1580,2012,m,n,USA,WATERCRAFT
1581,2012,f,n,USA,UNPROVOKED
1582,2012,f,n,USA,UNPROVOKED
1583,2012,m,n,USA,UNPROVOKED
1584,2012,m,y,SOUTH AFRICA,UNPROVOKED
1585,2012,m,n,AUSTRALIA,WATERCRAFT
1586,2012,m,n,USA,UNPROVOKED
1587,2012,m,n,USA,UNPROVOKED
1588,2012,m,y,AUSTRALIA,UNPROVOKED
1589,2012,m,n,USA,UNPROVOKED
1591,2012,m,n,AUSTRALIA,UNPROVOKED
1592,2012,m,n,USA,UNPROVOKED
1593,2012,f,n,USA,UNPROVOKED
1594,2012,m,n,USA,UNPROVOKED
1595,2012,m,n,NEW ZEALAND,UNPROVOKED
1596,2012,f,n,AUSTRALIA,PROVOKED
1597,2012,m,n,REUNION,UNPROVOKED
1598,2012,m,n,USA,UNPROVOKED
1600,2012,m,n,CHILE,PROVOKED
1601,2012,m,n,USA,PROVOKED
1602,2012,m,n,AUSTRALIA,UNPROVOKED
1604,2012,m,n,AUSTRALIA,UNPROVOKED
1606,2012,m,n,AUSTRALIA,UNPROVOKED
1607,2012,m,n,BAHAMAS,UNPROVOKED
1608,2012,m,n,TAIWAN,PROVOKED
1609,2012,m,n,AUSTRALIA,UNPROVOKED
1610,2012,m,y,SOUTH AFRICA,UNPROVOKED
1611,2012,m,n,USA,UNPROVOKED
1612,2012,m,n,AUSTRALIA,UNPROVOKED
1613,2012,m,n,AUSTRALIA,UNPROVOKED
1614,2011,m,n,USA,UNPROVOKED
1616,2011,m,n,ECUADOR,UNPROVOKED
1617,2011,m,n,USA,UNPROVOKED
1618,2011,m,n,USA,PROVOKED
1619,2011,m,n,SOUTH AFRICA,WATERCRAFT
1620,2011,m,n,AUSTRALIA,UNPROVOKED
1622,2011,m,n,AUSTRALIA,UNPROVOKED
1623,2011,f,n,USA,UNPROVOKED
1625,2011,m,n,AUSTRALIA,UNPROVOKED
1626,2011,m,n,INDONESIA,UNPROVOKED
1627,2011,m,n,AUSTRALIA,UNPROVOKED
1628,2011,m,n,USA,WATERCRAFT
1629,2011,m,n,PAPUA NEW GUINEA,UNPROVOKED
1630,2011,m,n,BRAZIL,UNPROVOKED
1631,2011,m,n,REUNION,UNPROVOKED
1632,2011,m,n,USA,UNPROVOKED
1633,2011,m,n,SCOTLAND,UNPROVOKED
1635,2011,m,y,AUSTRALIA,UNPROVOKED
1636,2011,m,n,USA,UNPROVOKED
1637,2011,m,n,AUSTRALIA,UNPROVOKED
1638,2011,m,n,USA,UNPROVOKED
1639,2011,m,n,USA,UNPROVOKED
1640,2011,m,y,AUSTRALIA,UNPROVOKED
1641,2011,m,n,REUNION,WATERCRAFT
1642,2011,m,n,USA,UNPROVOKED
1643,2011,m,n,USA,UNPROVOKED
1645,2011,m,n,DOMINICAN REPUBLIC,PROVOKED
1646,2011,m,n,SOUTH AFRICA,UNPROVOKED
1647,2011,m,n,USA,UNPROVOKED
1648,2011,m,n,USA,UNPROVOKED
1649,2011,m,n,USA,WATERCRAFT
1650,2011,m,y,REUNION,UNPROVOKED
1651,2011,m,y,KENYA,UNPROVOKED
1652,2011,m,n,USA,UNPROVOKED
1653,2011,m,n,USA,UNPROVOKED
1654,2011,m,n,PAPUA NEW GUINEA,UNPROVOKED
1656,2011,m,y,AUSTRALIA,UNPROVOKED
1657,2011,m,n,USA,UNPROVOKED
1658,2011,m,n,USA,UNPROVOKED
1660,2011,f,n,USA,UNPROVOKED
1661,2011,m,n,RUSSIA,UNPROVOKED
1662,2011,m,n,USA,UNPROVOKED
1663,2011,m,n,USA,UNPROVOKED
1664,2011,m,y,SOUTH AFRICA,UNPROVOKED
1665,2011,m,n,RUSSIA,UNPROVOKED
1666,2011,f,n,USA,UNPROVOKED
1668,2011,m,n,RUSSIA,UNPROVOKED
1669,2011,m,n,FRENCH POLYNESIA,UNPROVOKED
1670,2011,m,n,USA,UNPROVOKED
1671,2011,m,y,SEYCHELLES,UNPROVOKED
1672,2011,m,n,USA,INVALID
1673,2011,m,n,USA,UNPROVOKED
1674,2011,m,y,SEYCHELLES,UNPROVOKED
1676,2011,m,n,PHILIPPINES,SEA DISASTER
1677,2011,m,n,USA,UNPROVOKED
1678,2011,m,n,SOUTH AFRICA,UNPROVOKED
1679,2011,f,n,USA,UNPROVOKED
1680,2011,m,n,REUNION,WATERCRAFT
1681,2011,m,n,USA,UNPROVOKED
1682,2011,m,n,BAHAMAS,UNPROVOKED
1683,2011,m,n,USA,UNPROVOKED
1684,2011,m,n,USA,UNPROVOKED
1685,2011,m,n,REUNION,UNPROVOKED
1686,2011,m,n,COLUMBIA,UNPROVOKED
1687,2011,m,n,TURKS & CAICOS,UNPROVOKED
1688,2011,m,n,BRAZIL,UNPROVOKED
1689,2011,m,n,SOUTH AFRICA,UNPROVOKED
1690,2011,f,n,USA,UNPROVOKED
1691,2011,m,n,USA,UNPROVOKED
1692,2011,m,n,USA,UNPROVOKED
1693,2011,m,n,TURKS & CAICOS,UNPROVOKED
1694,2011,m,y,COSTA RICA,UNPROVOKED
1695,2011,m,y,REUNION,UNPROVOKED
1697,2011,m,n,USA,UNPROVOKED
1698,2011,m,n,COLUMBIA,UNPROVOKED
1699,2011,m,n,USA,UNPROVOKED
1700,2011,m,n,USA,UNPROVOKED
1701,2011,f,n,MALAYSIA,UNPROVOKED
1702,2011,f,n,USA,UNPROVOKED
1703,2011,m,n,SOUTH AFRICA,UNPROVOKED
1704,2011,f,n,USA,UNPROVOKED
1705,2011,f,n,USA,UNPROVOKED
1706,2011,m,y,SOUTH AFRICA,UNPROVOKED
1707,2011,m,n,USA,UNPROVOKED
1708,2011,m,y,NEW CALEDONIA,UNPROVOKED
1709,2011,m,n,USA,UNPROVOKED
1710,2011,m,n,USA,PROVOKED
1712,2011,m,n,SOUTH AFRICA,UNPROVOKED
1713,2011,m,n,USA,UNPROVOKED
1714,2011,m,n,AUSTRALIA,UNPROVOKED
1715,2011,m,n,USA,UNPROVOKED
1716,2011,m,n,NEW ZEALAND,UNPROVOKED
1717,2011,m,n,INDONESIA,UNPROVOKED
1718,2011,m,n,FIJI,UNPROVOKED
1719,2011,m,n,USA,PROVOKED
1720,2011,f,n,MEXICO,UNPROVOKED
1721,2011,m,n,AUSTRALIA,UNPROVOKED
1722,2011,m,n,MEXICO,UNPROVOKED
1723,2011,m,n,FIJI,UNPROVOKED
1724,2011,f,n,AUSTRALIA,UNPROVOKED
1726,2011,m,n,AUSTRALIA,UNPROVOKED
1727,2011,m,n,AUSTRALIA,PROVOKED
1728,2011,m,n,NEW CALEDONIA,UNPROVOKED
1729,2011,m,n,REUNION,UNPROVOKED
1730,2011,m,y,AUSTRALIA,UNPROVOKED
1731,2011,m,n,AUSTRALIA,PROVOKED
1732,2011,m,n,AUSTRALIA,UNPROVOKED
1733,2011,m,n,MEXICO,PROVOKED
1734,2011,m,n,SOUTH AFRICA,UNPROVOKED
1735,2011,f,n,MEXICO,UNPROVOKED
1736,2011,m,n,MEXICO,PROVOKED
1737,2011,m,n,BAHAMAS,UNPROVOKED
1739,2011,m,y,SOUTH AFRICA,UNPROVOKED
1740,2011,m,n,MEXICO,UNPROVOKED
1742,2010,m,n,USA,UNPROVOKED
1743,2010,m,n,FIJI,UNPROVOKED
1744,2010,m,n,USA,UNPROVOKED
1745,2010,f,y,EGYPT,UNPROVOKED
1746,2010,m,n,INDONESIA,UNPROVOKED
1747,2010,m,n,EGYPT,UNPROVOKED
1748,2010,m,n,EGYPT,UNPROVOKED
1749,2010,f,n,EGYPT,UNPROVOKED
1750,2010,f,n,EGYPT,UNPROVOKED
1751,2010,m,n,SAMOA,UNPROVOKED
1753,2010,m,n,USA,PROVOKED
1754,2010,m,y,DOMINICAN REPUBLIC,UNPROVOKED
1755,2010,m,n,INDONESIA,UNPROVOKED
1756,2010,m,n,AUSTRALIA,WATERCRAFT
1757,2010,f,n,AUSTRALIA,UNPROVOKED
1758,2010,m,n,AUSTRALIA,UNPROVOKED
1759,2010,m,n,USA,UNPROVOKED
1760,2010,m,n,AZORES,PROVOKED
1761,2010,m,n,USA,UNPROVOKED
1762,2010,m,n,AUSTRALIA,UNPROVOKED
1763,2010,m,y,USA,UNPROVOKED
1764,2010,f,n,EGYPT,UNPROVOKED
1765,2010,m,n,AUSTRALIA,UNPROVOKED
1766,2010,m,n,BAHAMAS,UNPROVOKED
1767,2010,f,n,BAHAMAS,UNPROVOKED
1768,2010,m,n,SOUTH AFRICA,UNPROVOKED
1769,2010,m,n,USA,UNPROVOKED
1770,2010,m,n,USA,UNPROVOKED
1771,2010,m,y,SOUTH AFRICA,UNPROVOKED
1772,2010,m,n,AUSTRALIA,UNPROVOKED
1773,2010,m,n,USA,UNPROVOKED
1774,2010,m,n,TONGA,UNPROVOKED
1775,2010,m,n,USA,UNPROVOKED
1776,2010,m,n,USA,UNPROVOKED
1777,2010,m,n,USA,UNPROVOKED
1778,2010,m,n,SOLOMON ISLANDS,UNPROVOKED
1780,2010,m,n,USA,UNPROVOKED
1781,2010,m,y,AUSTRALIA,UNPROVOKED
1782,2010,m,n,USA,WATERCRAFT
1783,2010,f,n,AUSTRALIA,PROVOKED
1784,2010,f,n,SOUTH KOREA,UNPROVOKED
1785,2010,m,n,AUSTRALIA,UNPROVOKED
1786,2010,m,n,USA,UNPROVOKED
1787,2010,m,n,MALTA,UNPROVOKED
1789,2010,m,n,USA,WATERCRAFT
1790,2010,f,n,USA,UNPROVOKED
1791,2010,m,n,USA,UNPROVOKED
1792,2010,m,n,USA,UNPROVOKED
1793,2010,m,n,USA,UNPROVOKED
1794,2010,f,n,USA,UNPROVOKED
1795,2010,m,n,USA,UNPROVOKED
1796,2010,m,n,SPAIN,PROVOKED
1797,2010,m,n,USA,UNPROVOKED
1798,2010,m,n,USA,PROVOKED
1799,2010,f,n,SOUTH AFRICA,UNPROVOKED
1800,2010,m,n,USA,PROVOKED
1801,2010,m,n,USA,UNPROVOKED
1802,2010,m,n,USA,UNPROVOKED
1803,2010,m,n,USA,UNPROVOKED
1804,2010,f,n,USA,UNPROVOKED
1805,2010,f,n,USA,UNPROVOKED
1806,2010,m,n,VIETNAM,UNPROVOKED
1807,2010,f,n,USA,UNPROVOKED
1808,2010,m,n,AUSTRALIA,UNPROVOKED
1809,2010,m,n,USA,UNPROVOKED
1810,2010,m,n,USA,PROVOKED
1811,2010,f,n,VIETNAM,UNPROVOKED
1812,2010,f,n,VIETNAM,UNPROVOKED
1813,2010,m,n,AUSTRALIA,UNPROVOKED
1814,2010,m,n,MADAGASCAR,UNPROVOKED
1815,2010,f,n,USA,UNPROVOKED
1816,2010,m,n,USA,PROVOKED
1817,2010,m,n,USA,UNPROVOKED
1818,2010,m,n,SOUTH AFRICA,UNPROVOKED
1819,2010,m,n,EGYPT,UNPROVOKED
1820,2010,m,n,REUNION,UNPROVOKED
1821,2010,m,n,NEW ZEALAND,UNPROVOKED
1822,2010,m,n,SOUTH AFRICA,UNPROVOKED
1823,2010,m,y,FIJI,UNPROVOKED
1824,2010,f,n,AUSTRALIA,UNPROVOKED
1825,2010,m,n,AUSTRALIA,UNPROVOKED
1826,2010,m,n,NEW ZEALAND,PROVOKED
1827,2010,m,n,AUSTRALIA,UNPROVOKED
1828,2010,m,n,USA,PROVOKED
1830,2010,m,y,USA,UNPROVOKED
1831,2010,f,n,NEW ZEALAND,PROVOKED
1832,2010,m,n,BRAZIL,UNPROVOKED
1833,2010,m,n,AUSTRALIA,UNPROVOKED
1834,2010,m,n,UNITED ARAB EMIRATES (UAE),UNPROVOKED
1835,2010,m,n,AUSTRALIA,UNPROVOKED
1836,2010,m,y,SOUTH AFRICA,UNPROVOKED
1837,2010,f,n,AUSTRALIA,UNPROVOKED
1838,2010,f,n,VIETNAM,UNPROVOKED
1839,2010,m,n,VIETNAM,UNPROVOKED
1840,2010,m,n,VIETNAM,UNPROVOKED
1841,2010,m,n,USA,UNPROVOKED
1842,2010,m,n,SOUTH AFRICA,UNPROVOKED
1843,2009,m,n,SOUTH AFRICA,UNPROVOKED
1844,2009,m,n,AUSTRALIA,PROVOKED
1845,2009,m,n,MOZAMBIQUE,UNPROVOKED
1846,2009,m,n,AUSTRALIA,WATERCRAFT
1847,2009,m,n,AUSTRALIA,UNPROVOKED
1848,2009,m,y,SOUTH AFRICA,UNPROVOKED
1850,2009,m,y,NEW ZEALAND,UNPROVOKED
1851,2009,m,n,AUSTRALIA,UNPROVOKED
1853,2009,m,n,USA,PROVOKED
1855,2009,m,n,USA,UNPROVOKED
1856,2009,m,n,USA,UNPROVOKED
1857,2009,m,n,USA,UNPROVOKED
1858,2009,f,n,USA,UNPROVOKED
1859,2009,m,n,USA,UNPROVOKED
1860,2009,m,n,AUSTRALIA,UNPROVOKED
1861,2009,m,n,USA,UNPROVOKED
1862,2009,m,n,AUSTRALIA,WATERCRAFT
1863,2009,m,n,MOZAMBIQUE,UNPROVOKED
1864,2009,f,n,AUSTRALIA,UNPROVOKED
1865,2009,m,n,USA,UNPROVOKED
1866,2009,m,n,USA,UNPROVOKED
1867,2009,f,n,PANAMA,UNPROVOKED
1868,2009,m,n,SCOTLAND,PROVOKED
1869,2009,m,n,AUSTRALIA,UNPROVOKED
1870,2009,m,n,USA,UNPROVOKED
1871,2009,m,n,UNITED KINGDOM,PROVOKED
1872,2009,m,n,USA,UNPROVOKED
1873,2009,m,n,VIETNAM,UNPROVOKED
1874,2009,m,n,SOMALIA,PROVOKED
1875,2009,m,y,BRAZIL,PROVOKED
1876,2009,m,y,USA,INVALID
1877,2009,m,y,BRAZIL,UNPROVOKED
1879,2009,m,n,SOLOMON ISLANDS,PROVOKED
1880,2009,m,n,USA,UNPROVOKED
1881,2009,m,y,SOUTH AFRICA,UNPROVOKED
1882,2009,f,n,USA,UNPROVOKED
1883,2009,m,n,SOUTH AFRICA,UNPROVOKED
1884,2009,m,n,USA,UNPROVOKED
1885,2009,m,n,USA,UNPROVOKED
1886,2009,m,n,USA,UNPROVOKED
1887,2009,m,n,BAHAMAS,UNPROVOKED
1888,2009,m,n,AUSTRALIA,UNPROVOKED
1889,2009,f,n,VIETNAM,UNPROVOKED
1890,2009,m,y,KENYA,UNPROVOKED
1891,2009,f,n,USA,UNPROVOKED
1893,2009,f,n,USA,UNPROVOKED
1894,2009,f,n,USA,UNPROVOKED
1895,2009,m,n,VIETNAM,UNPROVOKED
1896,2009,m,n,BAHAMAS,PROVOKED
1897,2009,m,n,USA,UNPROVOKED
1898,2009,m,n,SOUTH AFRICA,UNPROVOKED
1899,2009,f,n,USA,UNPROVOKED
1900,2009,f,n,USA,PROVOKED
1901,2009,m,n,AUSTRALIA,UNPROVOKED
1904,2009,m,n,VIETNAM,PROVOKED
1905,2009,m,n,EGYPT,UNPROVOKED
1906,2009,m,n,EGYPT,UNPROVOKED
1907,2009,f,y,EGYPT,UNPROVOKED
1908,2009,m,n,TAIWAN,PROVOKED
1909,2009,m,n,USA,PROVOKED
1910,2009,m,n,USA,UNPROVOKED
1911,2009,m,n,USA,UNPROVOKED
1912,2009,m,n,USA,UNPROVOKED
1913,2009,m,n,GUAM,PROVOKED
1914,2009,m,n,BAHAMAS,PROVOKED
1915,2009,f,n,USA,UNPROVOKED
1916,2009,m,n,USA,UNPROVOKED
1917,2009,m,n,USA,UNPROVOKED
1918,2009,m,n,PHILIPPINES,UNPROVOKED
1919,2009,m,n,USA,UNPROVOKED
1920,2009,m,n,USA,UNPROVOKED
1922,2009,m,n,AUSTRALIA,UNPROVOKED
1924,2009,m,n,USA,UNPROVOKED
1925,2009,m,n,USA,UNPROVOKED
1926,2009,m,n,SOUTH AFRICA,PROVOKED
1927,2009,m,y,SOUTH AFRICA,UNPROVOKED
1928,2009,m,n,AUSTRALIA,UNPROVOKED
1929,2009,m,n,AUSTRALIA,UNPROVOKED
1930,2009,f,n,AUSTRALIA,UNPROVOKED
1931,2009,f,n,USA,UNPROVOKED
1932,2009,f,n,MALAYSIA,UNPROVOKED
1933,2009,m,n,USA,UNPROVOKED
1934,2009,m,n,AUSTRALIA,PROVOKED
1935,2009,m,y,NEW CALEDONIA,UNPROVOKED
1936,2009,m,n,SOUTH AFRICA,PROVOKED
1937,2009,m,n,NEW ZEALAND,WATERCRAFT
1938,2009,m,n,AUSTRALIA,UNPROVOKED
1939,2009,m,n,AUSTRALIA,UNPROVOKED
1940,2009,m,n,AUSTRALIA,UNPROVOKED
1941,2009,m,n,AUSTRALIA,UNPROVOKED
1942,2009,m,n,AUSTRALIA,UNPROVOKED
1943,2009,m,y,USA,SEA DISASTER
1944,2009,m,n,AUSTRALIA,UNPROVOKED
1945,2009,m,n,AUSTRALIA,UNPROVOKED
1946,2009,m,n,AZORES,PROVOKED
1948,2009,m,n,CUBA,UNPROVOKED
1950,2009,m,n,AUSTRALIA,UNPROVOKED
1951,2009,m,y,SOUTH AFRICA,UNPROVOKED
1953,2009,m,n,AUSTRALIA,WATERCRAFT
1954,2009,m,n,NEW ZEALAND,UNPROVOKED
1956,2009,m,n,AUSTRALIA,UNPROVOKED
1957,2009,f,n,AUSTRALIA,UNPROVOKED
1958,2009,m,n,AUSTRALIA,UNPROVOKED
1960,2009,m,n,ECUADOR,UNPROVOKED
1961,2009,m,n,NEW ZEALAND,UNPROVOKED
1965,2008,m,n,AUSTRALIA,UNPROVOKED
1966,2008,m,n,AUSTRALIA,WATERCRAFT
1967,2008,m,y,AUSTRALIA,UNPROVOKED
1968,2008,m,n,USA,WATERCRAFT
1969,2008,m,n,NEW ZEALAND,UNPROVOKED
1970,2008,m,n,SOUTH AFRICA,PROVOKED
1972,2008,m,y,MOZAMBIQUE,UNPROVOKED
1973,2008,f,n,EGYPT,UNPROVOKED
1974,2008,m,n,PHILIPPINES,SEA DISASTER
1975,2008,f,n,ECUADOR,UNPROVOKED
1976,2008,m,n,AUSTRALIA,WATERCRAFT
1977,2008,m,y,TAIWAN,SEA DISASTER
1978,2008,m,y,PHILIPPINES,UNPROVOKED
1979,2008,m,n,AUSTRALIA,PROVOKED
1980,2008,m,n,NEW CALEDONIA,UNPROVOKED
1981,2008,m,n,AUSTRALIA,PROVOKED
1982,2008,m,n,AUSTRALIA,UNPROVOKED
1983,2008,m,n,USA,UNPROVOKED
1984,2008,m,n,CROATIA,UNPROVOKED
1985,2008,m,n,USA,UNPROVOKED
1986,2008,m,n,USA,UNPROVOKED
1987,2008,m,n,AUSTRALIA,PROVOKED
1988,2008,m,n,USA,UNPROVOKED
1989,2008,m,n,USA,UNPROVOKED
1990,2008,m,n,USA,UNPROVOKED
1991,2008,m,n,AUSTRALIA,UNPROVOKED
1992,2008,m,n,USA,UNPROVOKED
1993,2008,m,n,USA,UNPROVOKED
1994,2008,m,n,USA,UNPROVOKED
1995,2008,m,n,USA,UNPROVOKED
1996,2008,m,n,AUSTRALIA,UNPROVOKED
1998,2008,m,n,ENGLAND,PROVOKED
1999,2008,m,n,USA,UNPROVOKED
2000,2008,m,n,USA,UNPROVOKED
2001,2008,m,n,USA,UNPROVOKED
2003,2008,m,n,USA,UNPROVOKED
2005,2008,f,n,USA,UNPROVOKED
2006,2008,f,n,USA,UNPROVOKED
2007,2008,m,n,USA,UNPROVOKED
2008,2008,m,n,AUSTRALIA,UNPROVOKED
2009,2008,m,n,SOUTH AFRICA,UNPROVOKED
2010,2008,m,n,PANAMA,UNPROVOKED
2011,2008,m,n,MEXICO,UNPROVOKED
2012,2008,m,n,USA,UNPROVOKED
2013,2008,m,n,USA,UNPROVOKED
2014,2008,f,n,USA,UNPROVOKED
2015,2008,m,n,USA,UNPROVOKED
2016,2008,f,n,USA,UNPROVOKED
2017,2008,m,n,USA,PROVOKED
2018,2008,m,n,USA,UNPROVOKED
2019,2008,m,n,EGYPT,UNPROVOKED
2021,2008,m,n,USA,UNPROVOKED
2022,2008,f,n,USA,UNPROVOKED
2023,2008,f,n,USA,UNPROVOKED
2024,2008,m,n,UNITED KINGDOM,WATERCRAFT
2026,2008,m,n,BAHAMAS,UNPROVOKED
2027,2008,m,n,SOUTH AFRICA,UNPROVOKED
2028,2008,m,n,SOUTH AFRICA,UNPROVOKED
2029,2008,m,n,USA,UNPROVOKED
2030,2008,m,n,USA,UNPROVOKED
2031,2008,m,n,BRAZIL,UNPROVOKED
2032,2008,f,n,USA,WATERCRAFT
2033,2008,f,n,USA,UNPROVOKED
2034,2008,m,n,BRAZIL,UNPROVOKED
2035,2008,m,n,USA,UNPROVOKED
2037,2008,f,n,USA,UNPROVOKED
2038,2008,m,n,BRAZIL,UNPROVOKED
2039,2008,m,n,USA,UNPROVOKED
2040,2008,m,n,BAHAMAS,SEA DISASTER
2041,2008,m,n,MEXICO,UNPROVOKED
2042,2008,m,y,MEXICO,UNPROVOKED
2043,2008,m,y,FIJI,UNPROVOKED
2044,2008,m,n,AUSTRALIA,UNPROVOKED
2045,2008,m,n,NEW CALEDONIA,UNPROVOKED
2046,2008,m,n,USA,UNPROVOKED
2047,2008,m,n,SOUTH AFRICA,PROVOKED
2048,2008,m,y,MEXICO,UNPROVOKED
2049,2008,m,n,USA,UNPROVOKED
2050,2008,m,n,USA,UNPROVOKED
2051,2008,m,n,NEW CALEDONIA,UNPROVOKED
2052,2008,m,n,USA,PROVOKED
2053,2008,m,y,USA,UNPROVOKED
2054,2008,m,n,USA,UNPROVOKED
2059,2008,m,n,USA,UNPROVOKED
2060,2008,m,n,FIJI,UNPROVOKED
2061,2008,m,n,USA,UNPROVOKED
2063,2008,m,y,AUSTRALIA,UNPROVOKED
2064,2008,m,n,USA,UNPROVOKED
2065,2008,m,n,SOUTH AFRICA,UNPROVOKED
2066,2008,m,n,USA,UNPROVOKED
2067,2008,m,n,USA,UNPROVOKED
2068,2008,m,n,USA,UNPROVOKED
2069,2008,m,n,USA,UNPROVOKED
2070,2008,m,n,USA,UNPROVOKED
2071,2008,m,n,USA,UNPROVOKED
2072,2008,m,y,BAHAMAS,UNPROVOKED
2073,2008,m,n,FRENCH POLYNESIA,UNPROVOKED
2074,2008,m,n,USA,UNPROVOKED
2075,2008,f,n,AUSTRALIA,UNPROVOKED
2076,2008,m,n,USA,UNPROVOKED
2078,2008,m,n,SOUTH AFRICA,UNPROVOKED
2079,2008,m,n,AUSTRALIA,PROVOKED
2082,2008,m,n,USA,UNPROVOKED
2083,2008,m,n,USA,PROVOKED
2084,2008,m,n,MEXICO,UNPROVOKED
2085,2007,m,n,ECUADOR,UNPROVOKED
2087,2007,m,n,AUSTRALIA,UNPROVOKED
2088,2007,m,n,AUSTRALIA,UNPROVOKED
2090,2007,m,n,USA,UNPROVOKED
2091,2007,f,n,NEW ZEALAND,UNPROVOKED
2092,2007,m,n,BRAZIL,UNPROVOKED
2093,2007,m,n,AUSTRALIA,PROVOKED
2094,2007,m,n,AUSTRALIA,UNPROVOKED
2095,2007,m,n,SOUTH AFRICA,UNPROVOKED
2096,2007,m,n,USA,UNPROVOKED
2097,2007,m,n,USA,UNPROVOKED
2098,2007,m,n,SOUTH AFRICA,UNPROVOKED
2100,2007,m,n,USA,UNPROVOKED
2101,2007,f,n,AUSTRALIA,UNPROVOKED
2102,2007,m,n,AUSTRALIA,UNPROVOKED
2103,2007,m,n,USA,UNPROVOKED
2104,2007,m,n,USA,UNPROVOKED
2105,2007,m,n,USA,UNPROVOKED
2106,2007,m,y,PHILIPPINES,SEA DISASTER
2107,2007,f,y,NEW CALEDONIA,UNPROVOKED
2108,2007,f,n,BAHAMAS,UNPROVOKED
2109,2007,f,n,USA,UNPROVOKED
2110,2007,f,n,EGYPT,UNPROVOKED
2112,2007,f,n,USA,UNPROVOKED
2113,2007,m,n,USA,UNPROVOKED
2114,2007,m,n,SOLOMON ISLANDS,UNPROVOKED
2115,2007,m,n,USA,UNPROVOKED
2116,2007,f,n,USA,UNPROVOKED
2117,2007,m,n,USA,UNPROVOKED
2118,2007,f,n,USA,UNPROVOKED
2119,2007,f,n,USA,UNPROVOKED
2120,2007,m,n,USA,UNPROVOKED
2121,2007,f,n,USA,UNPROVOKED
2122,2007,m,n,USA,UNPROVOKED
2123,2007,m,n,USA,UNPROVOKED
2124,2007,m,n,USA,UNPROVOKED
2125,2007,m,n,USA,UNPROVOKED
2126,2007,m,n,USA,UNPROVOKED
2127,2007,m,n,USA,PROVOKED
2128,2007,m,n,USA,PROVOKED
2129,2007,m,n,USA,UNPROVOKED
2130,2007,m,n,USA,UNPROVOKED
2131,2007,m,n,USA,UNPROVOKED
2132,2007,m,n,USA,UNPROVOKED
2133,2007,f,n,USA,UNPROVOKED
2134,2007,m,n,USA,UNPROVOKED
2135,2007,m,n,USA,UNPROVOKED
2136,2007,m,n,USA,UNPROVOKED
2137,2007,f,n,USA,UNPROVOKED
2138,2007,m,n,USA,UNPROVOKED
2139,2007,m,n,USA,UNPROVOKED
2140,2007,m,n,USA,UNPROVOKED
2141,2007,m,n,USA,WATERCRAFT
2142,2007,m,n,USA,UNPROVOKED
2143,2007,m,n,AUSTRALIA,UNPROVOKED
2144,2007,m,n,USA,UNPROVOKED
2145,2007,m,n,NORWAY,PROVOKED
2147,2007,f,n,USA,UNPROVOKED
2148,2007,f,n,BAHAMAS,UNPROVOKED
2149,2007,m,n,USA,UNPROVOKED
2150,2007,m,n,REUNION,UNPROVOKED
2152,2007,m,n,USA,PROVOKED
2153,2007,f,n,USA,UNPROVOKED
2154,2007,m,n,USA,UNPROVOKED
2155,2007,m,n,USA,UNPROVOKED
2157,2007,f,n,USA,UNPROVOKED
2158,2007,m,n,AUSTRALIA,UNPROVOKED
2159,2007,f,n,USA,UNPROVOKED
2160,2007,f,n,USA,PROVOKED
2161,2007,m,n,ENGLAND,PROVOKED
2162,2007,f,n,AUSTRALIA,UNPROVOKED
2163,2007,m,n,AUSTRALIA,UNPROVOKED
2164,2007,f,n,USA,UNPROVOKED
2165,2007,m,n,SEYCHELLES,UNPROVOKED
2167,2007,f,n,USA,UNPROVOKED
2168,2007,m,n,USA,UNPROVOKED
2170,2007,f,n,BAHAMAS,PROVOKED
2171,2007,f,n,AUSTRALIA,UNPROVOKED
2172,2007,m,n,USA,UNPROVOKED
2173,2007,m,n,USA,UNPROVOKED
2175,2007,m,n,NEW CALEDONIA,UNPROVOKED
2176,2007,m,n,USA,UNPROVOKED
2177,2007,m,n,USA,UNPROVOKED
2178,2007,m,n,USA,UNPROVOKED
2180,2007,m,n,USA,UNPROVOKED
2181,2007,f,n,AUSTRALIA,UNPROVOKED
2182,2007,m,n,USA,PROVOKED
2183,2007,f,n,AUSTRALIA,UNPROVOKED
2184,2007,m,n,USA,UNPROVOKED
2185,2007,m,n,NEW ZEALAND,PROVOKED
2187,2007,m,n,AUSTRALIA,UNPROVOKED
2188,2007,m,n,NEW CALEDONIA,UNPROVOKED
2189,2007,m,n,NEW CALEDONIA,UNPROVOKED
2191,2007,m,n,AUSTRALIA,UNPROVOKED
2193,2007,m,y,SOUTH AFRICA,UNPROVOKED
2194,2007,m,n,AUSTRALIA,UNPROVOKED
2196,2007,m,n,USA,UNPROVOKED
2198,2006,m,n,AUSTRALIA,UNPROVOKED
2199,2006,m,n,NEW ZEALAND,UNPROVOKED
2200,2006,m,n,USA,UNPROVOKED
2201,2006,m,n,SOUTH AFRICA,PROVOKED
2202,2006,m,n,AUSTRALIA,UNPROVOKED
2204,2006,m,n,USA,UNPROVOKED
2205,2006,m,n,SOUTH AFRICA,PROVOKED
2206,2006,m,n,USA,UNPROVOKED
2207,2006,m,n,USA,UNPROVOKED
2208,2006,m,n,USA,UNPROVOKED
2209,2006,m,n,USA,UNPROVOKED
2210,2006,m,n,USA,UNPROVOKED
2211,2006,f,n,BAHAMAS,UNPROVOKED
2214,2006,m,n,USA,UNPROVOKED
2215,2006,m,n,USA,PROVOKED
2216,2006,m,n,USA,UNPROVOKED
2217,2006,m,n,USA,UNPROVOKED
2218,2006,m,n,USA,UNPROVOKED
2220,2006,m,y,BRAZIL,UNPROVOKED
2221,2006,m,n,USA,UNPROVOKED
2222,2006,m,n,USA,UNPROVOKED
2223,2006,m,n,SOUTH AFRICA,UNPROVOKED
2224,2006,m,n,USA,UNPROVOKED
2225,2006,m,n,AUSTRALIA,UNPROVOKED
2226,2006,m,n,REUNION,UNPROVOKED
2229,2006,m,y,ITALY,SEA DISASTER
2230,2006,m,y,REUNION,UNPROVOKED
2231,2006,m,n,SOUTH AFRICA,UNPROVOKED
2232,2006,m,n,SOUTH AFRICA,UNPROVOKED
2233,2006,f,n,USA,UNPROVOKED
2234,2006,m,n,REUNION,UNPROVOKED
2236,2006,m,n,USA,UNPROVOKED
2237,2006,m,n,USA,INVALID
2238,2006,m,n,USA,UNPROVOKED
2239,2006,m,n,SOUTH AFRICA,UNPROVOKED
2240,2006,m,n,USA,UNPROVOKED
2241,2006,m,n,USA,UNPROVOKED
2243,2006,m,n,USA,UNPROVOKED
2245,2006,f,n,USA,UNPROVOKED
2246,2006,m,y,BRAZIL,UNPROVOKED
2247,2006,m,n,USA,UNPROVOKED
2248,2006,m,n,USA,UNPROVOKED
2249,2006,f,n,USA,UNPROVOKED
2250,2006,m,n,USA,UNPROVOKED
2251,2006,f,n,USA,UNPROVOKED
2252,2006,m,n,USA,UNPROVOKED
2253,2006,f,n,USA,UNPROVOKED
2254,2006,m,n,USA,PROVOKED
2255,2006,m,n,BAHAMAS,UNPROVOKED
2256,2006,f,n,USA,UNPROVOKED
2257,2006,m,y,BRAZIL,UNPROVOKED
2258,2006,m,n,USA,UNPROVOKED
2259,2006,m,n,USA,UNPROVOKED
2260,2006,f,n,USA,UNPROVOKED
2261,2006,m,n,AUSTRALIA,UNPROVOKED
2262,2006,m,n,USA,UNPROVOKED
2264,2006,m,n,USA,UNPROVOKED
2265,2006,m,n,USA,PROVOKED
2266,2006,m,n,BRAZIL,UNPROVOKED
2267,2006,f,n,USA,UNPROVOKED
2268,2006,m,n,USA,UNPROVOKED
2269,2006,f,n,USA,UNPROVOKED
2270,2006,m,n,AUSTRALIA,PROVOKED
2272,2006,m,n,USA,UNPROVOKED
2273,2006,f,n,USA,UNPROVOKED
2274,2006,m,n,USA,PROVOKED
2275,2006,m,n,AUSTRALIA,UNPROVOKED
2276,2006,m,n,SOUTH AFRICA,UNPROVOKED
2277,2006,m,n,BRAZIL,UNPROVOKED
2278,2006,m,n,USA,UNPROVOKED
2279,2006,m,y,SIERRA LEONE,UNPROVOKED
2280,2006,f,n,USA,UNPROVOKED
2282,2006,m,n,FIJI,UNPROVOKED
2283,2006,m,n,AUSTRALIA,UNPROVOKED
2284,2006,f,n,USA,UNPROVOKED
2286,2006,m,n,AUSTRALIA,UNPROVOKED
2287,2006,m,n,AUSTRALIA,UNPROVOKED
2288,2006,m,n,AUSTRALIA,WATERCRAFT
2289,2006,m,n,SOUTH AFRICA,UNPROVOKED
2290,2006,f,y,TONGA,UNPROVOKED
2291,2006,m,n,USA,WATERCRAFT
2292,2006,m,n,ATLANTIC OCEAN,WATERCRAFT
2293,2006,m,n,SOUTH AFRICA,UNPROVOKED
2294,2006,f,n,ATLANTIC OCEAN,WATERCRAFT
2295,2006,m,n,USA,UNPROVOKED
2296,2006,m,n,AUSTRALIA,UNPROVOKED
2298,2006,f,y,AUSTRALIA,UNPROVOKED
2299,2006,m,n,USA,UNPROVOKED
2300,2006,m,n,SOUTH AFRICA,UNPROVOKED
